id,name
1167,Bacteria;Bacteroidetes;Bacteroidia;Bacteroidales;Porphyromonadaceae;Porphyromonas
2859,Bacteria;Firmicutes;Clostridia;Clostridiales;IncertaeSedisXI;Peptoniphilus
482,Bacteria
2264,Bacteria;Firmicutes;Clostridia;Clostridiales;IncertaeSedisXI
41,Bacteria
1189,Bacteria;Bacteroidetes;Bacteroidia;Bacteroidales;Porphyromonadaceae;Porphyromonas
352,Bacteria
189,Bacteria
2318,Bacteria;Firmicutes;Clostridia;Clostridiales;IncertaeSedisXI;Anaerococcus
1977,Bacteria;Firmicutes;Clostridia;Clostridiales
3450,Bacteria;Proteobacteria;Epsilonproteobacteria;Campylobacterales;Campylobacteraceae;Campylobacter
874,Bacteria;Actinobacteria;Actinobacteria;Actinomycetales;Actinomycetaceae;Varibaculum
1959,Bacteria;Firmicutes;Clostridia
2191,Bacteria;Firmicutes;Clostridia;Clostridiales;IncertaeSedisXI
1950,Bacteria;Firmicutes;Clostridia
2077,Bacteria;Firmicutes;Clostridia;Clostridiales
2275,Bacteria;Firmicutes;Clostridia;Clostridiales;IncertaeSedisXI
944,Bacteria;Actinobacteria;Actinobacteria;Actinomycetales;Corynebacteriaceae;Corynebacterium
2184,Bacteria;Firmicutes;Clostridia;Clostridiales;IncertaeSedisXI
2244,Bacteria;Firmicutes;Clostridia;Clostridiales;IncertaeSedisXI
2024,Bacteria;Firmicutes;Clostridia;Clostridiales
2419,Bacteria;Firmicutes;Clostridia;Clostridiales;IncertaeSedisXI;Anaerococcus
2811,Bacteria;Firmicutes;Clostridia;Clostridiales;IncertaeSedisXI;Peptoniphilus
165,Bacteria
2782,Bacteria;Firmicutes;Clostridia;Clostridiales;IncertaeSedisXI;Peptoniphilus
2247,Bacteria;Firmicutes;Clostridia;Clostridiales;IncertaeSedisXI
2011,Bacteria;Firmicutes;Clostridia;Clostridiales
2396,Bacteria;Firmicutes;Clostridia;Clostridiales;IncertaeSedisXI;Anaerococcus
830,Bacteria;Actinobacteria;Actinobacteria;Actinomycetales
2964,Bacteria;Firmicutes;Clostridia;Clostridiales;Veillonellaceae
1795,Bacteria;Firmicutes;Bacilli;Bacillales;Staphylococcaceae;Staphylococcus
2722,Bacteria;Firmicutes;Clostridia;Clostridiales;IncertaeSedisXI;Finegoldia
307,Bacteria
2178,Bacteria;Firmicutes;Clostridia;Clostridiales
2908,Bacteria;Firmicutes;Clostridia;Clostridiales;Peptococcaceae;Peptococcus
1193,Bacteria;Bacteroidetes;Bacteroidia;Bacteroidales;Porphyromonadaceae;Porphyromonas
2167,Bacteria;Firmicutes;Clostridia;Clostridiales
1208,Bacteria;Bacteroidetes;Bacteroidia;Bacteroidales;Porphyromonadaceae;Porphyromonas
2039,Bacteria;Firmicutes;Clostridia;Clostridiales
1274,Bacteria;Bacteroidetes;Bacteroidia;Bacteroidales;Prevotellaceae
2739,Bacteria;Firmicutes;Clostridia;Clostridiales;IncertaeSedisXI;Gallicola
2737,Bacteria;Firmicutes;Clostridia;Clostridiales;IncertaeSedisXI;Gallicola
1314,Bacteria;Bacteroidetes;Bacteroidia;Bacteroidales;Prevotellaceae;Prevotella
1962,Bacteria;Firmicutes;Clostridia
2186,Bacteria;Firmicutes;Clostridia;Clostridiales;IncertaeSedisXI
2335,Bacteria;Firmicutes;Clostridia;Clostridiales;IncertaeSedisXI;Anaerococcus
2936,Bacteria;Firmicutes;Clostridia;Clostridiales;Ruminococcaceae
907,Bacteria;Actinobacteria;Actinobacteria;Actinomycetales;Corynebacteriaceae
833,Bacteria;Actinobacteria;Actinobacteria;Actinomycetales;Actinomycetaceae
2483,Bacteria;Firmicutes;Clostridia;Clostridiales;IncertaeSedisXI;Anaerococcus
2475,Bacteria;Firmicutes;Clostridia;Clostridiales;IncertaeSedisXI;Anaerococcus
2491,Bacteria;Firmicutes;Clostridia;Clostridiales;IncertaeSedisXI;Anaerococcus
2291,Bacteria;Firmicutes;Clostridia;Clostridiales;IncertaeSedisXI
159,Bacteria
2571,Bacteria;Firmicutes;Clostridia;Clostridiales;IncertaeSedisXI;Anaerococcus
2350,Bacteria;Firmicutes;Clostridia;Clostridiales;IncertaeSedisXI;Anaerococcus
2342,Bacteria;Firmicutes;Clostridia;Clostridiales;IncertaeSedisXI;Anaerococcus
2546,Bacteria;Firmicutes;Clostridia;Clostridiales;IncertaeSedisXI;Anaerococcus
725,Bacteria;Actinobacteria;Actinobacteria;Actinomycetales
170,Bacteria
1505,Bacteria;Firmicutes
513,Bacteria
259,Bacteria
1169,Bacteria;Bacteroidetes;Bacteroidia;Bacteroidales;Porphyromonadaceae;Porphyromonas
258,Bacteria
1232,Bacteria;Bacteroidetes;Bacteroidia;Bacteroidales;Porphyromonadaceae;Porphyromonas
1497,Bacteria;Firmicutes
1498,Bacteria;Firmicutes
1503,Bacteria;Firmicutes
412,Bacteria
2235,Bacteria;Firmicutes;Clostridia;Clostridiales;IncertaeSedisXI
1960,Bacteria;Firmicutes;Clostridia
1968,Bacteria;Firmicutes;Clostridia
121,Bacteria
2065,Bacteria;Firmicutes;Clostridia;Clostridiales
340,Bacteria
2110,Bacteria;Firmicutes;Clostridia;Clostridiales
2188,Bacteria;Firmicutes;Clostridia;Clostridiales;IncertaeSedisXI
357,Bacteria
342,Bacteria
2539,Bacteria;Firmicutes;Clostridia;Clostridiales;IncertaeSedisXI;Anaerococcus
2389,Bacteria;Firmicutes;Clostridia;Clostridiales;IncertaeSedisXI;Anaerococcus
922,Bacteria;Actinobacteria;Actinobacteria;Actinomycetales;Corynebacteriaceae;Corynebacterium
963,Bacteria;Actinobacteria;Actinobacteria;Actinomycetales;Dermabacteraceae;Dermabacter
2651,Bacteria;Firmicutes;Clostridia;Clostridiales;IncertaeSedisXI;Anaerococcus
2308,Bacteria;Firmicutes;Clostridia;Clostridiales;IncertaeSedisXI;Anaerococcus
1870,Bacteria;Firmicutes;Bacilli;Lactobacillales;Aerococcaceae
728,Bacteria;Actinobacteria;Actinobacteria;Actinomycetales
1188,Bacteria;Bacteroidetes;Bacteroidia;Bacteroidales;Porphyromonadaceae;Porphyromonas
1926,Bacteria;Firmicutes;Bacilli;Lactobacillales;Streptococcaceae;Streptococcus
1200,Bacteria;Bacteroidetes;Bacteroidia;Bacteroidales;Porphyromonadaceae;Porphyromonas
3312,Bacteria;Proteobacteria;Betaproteobacteria;Burkholderiales
261,Bacteria
296,Bacteria
2890,Bacteria;Firmicutes;Clostridia;Clostridiales;Lachnospiraceae
1929,Bacteria;Firmicutes;Bacilli;Lactobacillales;Streptococcaceae;Streptococcus
555,Bacteria;Actinobacteria;Actinobacteria;Actinomycetales
2704,Bacteria;Firmicutes;Clostridia;Clostridiales;IncertaeSedisXI;Finegoldia
2688,Bacteria;Firmicutes;Clostridia;Clostridiales;IncertaeSedisXI;Finegoldia
710,Bacteria;Actinobacteria;Actinobacteria;Actinomycetales
2500,Bacteria;Firmicutes;Clostridia;Clostridiales;IncertaeSedisXI;Anaerococcus
2461,Bacteria;Firmicutes;Clostridia;Clostridiales;IncertaeSedisXI;Anaerococcus
854,Bacteria;Actinobacteria;Actinobacteria;Actinomycetales;Actinomycetaceae;Mobiluncus
939,Bacteria;Actinobacteria;Actinobacteria;Actinomycetales;Corynebacteriaceae;Corynebacterium
1310,Bacteria;Bacteroidetes;Bacteroidia;Bacteroidales;Prevotellaceae;Prevotella
3555,Bacteria;Proteobacteria;Gammaproteobacteria;Pseudomonadales;Moraxellaceae;Enhydrobacter
943,Bacteria;Actinobacteria;Actinobacteria;Actinomycetales;Corynebacteriaceae;Corynebacterium
1013,Bacteria;Actinobacteria;Actinobacteria;Actinomycetales;Micrococcaceae;Kocuria
3368,Bacteria;Proteobacteria;Betaproteobacteria;Burkholderiales;Comamonadaceae;Pelomonas
923,Bacteria;Actinobacteria;Actinobacteria;Actinomycetales;Corynebacteriaceae;Corynebacterium
1770,Bacteria;Firmicutes;Bacilli;Bacillales;Staphylococcaceae;Gemella
3516,Bacteria;Proteobacteria;Gammaproteobacteria;Oceanospirillales;Oceanospirillaceae;Marinomonas
3120,Bacteria;Proteobacteria;Alphaproteobacteria;Caulobacterales;Caulobacteraceae;Brevundimonas
3541,Bacteria;Proteobacteria;Gammaproteobacteria;Pseudomonadales;Moraxellaceae;Acinetobacter
3527,Bacteria;Proteobacteria;Gammaproteobacteria;Pasteurellales;Pasteurellaceae
2937,Bacteria;Firmicutes;Clostridia;Clostridiales;Ruminococcaceae
2130,Bacteria;Firmicutes;Clostridia;Clostridiales
3440,Bacteria;Proteobacteria;Epsilonproteobacteria;Campylobacterales;Campylobacteraceae;Campylobacter
3521,Bacteria;Proteobacteria;Gammaproteobacteria;Pasteurellales;Pasteurellaceae
3523,Bacteria;Proteobacteria;Gammaproteobacteria;Pasteurellales;Pasteurellaceae
3524,Bacteria;Proteobacteria;Gammaproteobacteria;Pasteurellales;Pasteurellaceae
1035,Bacteria;Actinobacteria;Actinobacteria;Actinomycetales;Nocardioidaceae
970,Bacteria;Actinobacteria;Actinobacteria;Actinomycetales;Dermacoccaceae;Dermacoccus
719,Bacteria;Actinobacteria;Actinobacteria;Actinomycetales
2190,Bacteria;Firmicutes;Clostridia;Clostridiales;IncertaeSedisXI
1286,Bacteria;Bacteroidetes;Bacteroidia;Bacteroidales;Prevotellaceae
909,Bacteria;Actinobacteria;Actinobacteria;Actinomycetales;Corynebacteriaceae
606,Bacteria;Actinobacteria;Actinobacteria;Actinomycetales
3459,Bacteria;Proteobacteria;Epsilonproteobacteria;Campylobacterales;Campylobacteraceae;Campylobacter
3379,Bacteria;Proteobacteria;Betaproteobacteria;Burkholderiales;Oxalobacteraceae;Janthinobacterium
3389,Bacteria;Proteobacteria;Betaproteobacteria;Neisseriales;Neisseriaceae
930,Bacteria;Actinobacteria;Actinobacteria;Actinomycetales;Corynebacteriaceae;Corynebacterium
917,Bacteria;Actinobacteria;Actinobacteria;Actinomycetales;Corynebacteriaceae
818,Bacteria;Actinobacteria;Actinobacteria;Actinomycetales
2551,Bacteria;Firmicutes;Clostridia;Clostridiales;IncertaeSedisXI;Anaerococcus
1202,Bacteria;Bacteroidetes;Bacteroidia;Bacteroidales;Porphyromonadaceae;Porphyromonas
1380,Bacteria;Bacteroidetes;Sphingobacteria;Sphingobacteriales;Chitinophagaceae
3288,Bacteria;Proteobacteria;Alphaproteobacteria;Sphingomonadales;Sphingomonadaceae;Sphingopyxis
1728,Bacteria;Firmicutes;Bacilli;Bacillales
2985,Bacteria;Firmicutes;Clostridia;Clostridiales;Veillonellaceae;Dialister
391,Bacteria
2524,Bacteria;Firmicutes;Clostridia;Clostridiales;IncertaeSedisXI;Anaerococcus
2820,Bacteria;Firmicutes;Clostridia;Clostridiales;IncertaeSedisXI;Peptoniphilus
811,Bacteria;Actinobacteria;Actinobacteria;Actinomycetales
2647,Bacteria;Firmicutes;Clostridia;Clostridiales;IncertaeSedisXI;Anaerococcus
2614,Bacteria;Firmicutes;Clostridia;Clostridiales;IncertaeSedisXI;Anaerococcus
919,Bacteria;Actinobacteria;Actinobacteria;Actinomycetales;Corynebacteriaceae;Corynebacterium
2855,Bacteria;Firmicutes;Clostridia;Clostridiales;IncertaeSedisXI;Peptoniphilus
841,Bacteria;Actinobacteria;Actinobacteria;Actinomycetales;Actinomycetaceae;Actinomyces
2079,Bacteria;Firmicutes;Clostridia;Clostridiales
1951,Bacteria;Firmicutes;Clostridia
1197,Bacteria;Bacteroidetes;Bacteroidia;Bacteroidales;Porphyromonadaceae;Porphyromonas
2086,Bacteria;Firmicutes;Clostridia;Clostridiales
491,Bacteria
1214,Bacteria;Bacteroidetes;Bacteroidia;Bacteroidales;Porphyromonadaceae;Porphyromonas
2479,Bacteria;Firmicutes;Clostridia;Clostridiales;IncertaeSedisXI;Anaerococcus
2185,Bacteria;Firmicutes;Clostridia;Clostridiales;IncertaeSedisXI
1218,Bacteria;Bacteroidetes;Bacteroidia;Bacteroidales;Porphyromonadaceae;Porphyromonas
2125,Bacteria;Firmicutes;Clostridia;Clostridiales
2058,Bacteria;Firmicutes;Clostridia;Clostridiales
1956,Bacteria;Firmicutes;Clostridia
1289,Bacteria;Bacteroidetes;Bacteroidia;Bacteroidales;Prevotellaceae;Hallella
1224,Bacteria;Bacteroidetes;Bacteroidia;Bacteroidales;Porphyromonadaceae;Porphyromonas
1094,Bacteria;Bacteroidetes
2845,Bacteria;Firmicutes;Clostridia;Clostridiales;IncertaeSedisXI;Peptoniphilus
2724,Bacteria;Firmicutes;Clostridia;Clostridiales;IncertaeSedisXI;Finegoldia
2728,Bacteria;Firmicutes;Clostridia;Clostridiales;IncertaeSedisXI;Finegoldia
1141,Bacteria;Bacteroidetes;Bacteroidia;Bacteroidales;Porphyromonadaceae;Porphyromonas
2807,Bacteria;Firmicutes;Clostridia;Clostridiales;IncertaeSedisXI;Peptoniphilus
2837,Bacteria;Firmicutes;Clostridia;Clostridiales;IncertaeSedisXI;Peptoniphilus
2873,Bacteria;Firmicutes;Clostridia;Clostridiales;IncertaeSedisXI;Peptoniphilus
2858,Bacteria;Firmicutes;Clostridia;Clostridiales;IncertaeSedisXI;Peptoniphilus
1174,Bacteria;Bacteroidetes;Bacteroidia;Bacteroidales;Porphyromonadaceae;Porphyromonas
814,Bacteria;Actinobacteria;Actinobacteria;Actinomycetales
2927,Bacteria;Firmicutes;Clostridia;Clostridiales;Peptococcaceae;Peptococcus
571,Bacteria;Actinobacteria;Actinobacteria;Actinomycetales
345,Bacteria
2987,Bacteria;Firmicutes;Clostridia;Clostridiales;Veillonellaceae;Dialister
97,Bacteria
1159,Bacteria;Bacteroidetes;Bacteroidia;Bacteroidales;Porphyromonadaceae;Porphyromonas
2233,Bacteria;Firmicutes;Clostridia;Clostridiales;IncertaeSedisXI
2657,Bacteria;Firmicutes;Clostridia;Clostridiales;IncertaeSedisXI;Anaerosphaera
2654,Bacteria;Firmicutes;Clostridia;Clostridiales;IncertaeSedisXI;Anaerosphaera
2198,Bacteria;Firmicutes;Clostridia;Clostridiales;IncertaeSedisXI
2341,Bacteria;Firmicutes;Clostridia;Clostridiales;IncertaeSedisXI;Anaerococcus
1487,Bacteria;Firmicutes
2413,Bacteria;Firmicutes;Clostridia;Clostridiales;IncertaeSedisXI;Anaerococcus
1292,Bacteria;Bacteroidetes;Bacteroidia;Bacteroidales;Prevotellaceae;Prevotella
2481,Bacteria;Firmicutes;Clostridia;Clostridiales;IncertaeSedisXI;Anaerococcus
1251,Bacteria;Bacteroidetes;Bacteroidia;Bacteroidales;Porphyromonadaceae;Porphyromonas
2487,Bacteria;Firmicutes;Clostridia;Clostridiales;IncertaeSedisXI;Anaerococcus
2536,Bacteria;Firmicutes;Clostridia;Clostridiales;IncertaeSedisXI;Anaerococcus
2542,Bacteria;Firmicutes;Clostridia;Clostridiales;IncertaeSedisXI;Anaerococcus
2544,Bacteria;Firmicutes;Clostridia;Clostridiales;IncertaeSedisXI;Anaerococcus
2547,Bacteria;Firmicutes;Clostridia;Clostridiales;IncertaeSedisXI;Anaerococcus
1220,Bacteria;Bacteroidetes;Bacteroidia;Bacteroidales;Porphyromonadaceae;Porphyromonas
2204,Bacteria;Firmicutes;Clostridia;Clostridiales;IncertaeSedisXI
18,Bacteria
1453,Bacteria;Cyanobacteria;Cyanobacteria;Chloroplast;Streptophyta
2532,Bacteria;Firmicutes;Clostridia;Clostridiales;IncertaeSedisXI;Anaerococcus
2769,Bacteria;Firmicutes;Clostridia;Clostridiales;IncertaeSedisXI;Peptoniphilus
2672,Bacteria;Firmicutes;Clostridia;Clostridiales;IncertaeSedisXI;Finegoldia
2557,Bacteria;Firmicutes;Clostridia;Clostridiales;IncertaeSedisXI;Anaerococcus
2399,Bacteria;Firmicutes;Clostridia;Clostridiales;IncertaeSedisXI;Anaerococcus
2711,Bacteria;Firmicutes;Clostridia;Clostridiales;IncertaeSedisXI;Finegoldia
1602,Bacteria;Firmicutes;Bacilli
2324,Bacteria;Firmicutes;Clostridia;Clostridiales;IncertaeSedisXI;Anaerococcus
2369,Bacteria;Firmicutes;Clostridia;Clostridiales;IncertaeSedisXI;Anaerococcus
1672,Bacteria;Firmicutes;Bacilli
2847,Bacteria;Firmicutes;Clostridia;Clostridiales;IncertaeSedisXI;Peptoniphilus
2846,Bacteria;Firmicutes;Clostridia;Clostridiales;IncertaeSedisXI;Peptoniphilus
2203,Bacteria;Firmicutes;Clostridia;Clostridiales;IncertaeSedisXI
2762,Bacteria;Firmicutes;Clostridia;Clostridiales;IncertaeSedisXI;Peptoniphilus
2424,Bacteria;Firmicutes;Clostridia;Clostridiales;IncertaeSedisXI;Anaerococcus
2675,Bacteria;Firmicutes;Clostridia;Clostridiales;IncertaeSedisXI;Finegoldia
2638,Bacteria;Firmicutes;Clostridia;Clostridiales;IncertaeSedisXI;Anaerococcus
2331,Bacteria;Firmicutes;Clostridia;Clostridiales;IncertaeSedisXI;Anaerococcus
2560,Bacteria;Firmicutes;Clostridia;Clostridiales;IncertaeSedisXI;Anaerococcus
2526,Bacteria;Firmicutes;Clostridia;Clostridiales;IncertaeSedisXI;Anaerococcus
2525,Bacteria;Firmicutes;Clostridia;Clostridiales;IncertaeSedisXI;Anaerococcus
883,Bacteria;Actinobacteria;Actinobacteria;Actinomycetales;Brevibacteriaceae;Brevibacterium
3643,Bacteria;Synergistetes;Synergistia;Synergistales;Synergistaceae;Jonquetella
3036,Bacteria;Fusobacteria;Fusobacteria;Fusobacteriales;Fusobacteriaceae;Fusobacterium
936,Bacteria;Actinobacteria;Actinobacteria;Actinomycetales;Corynebacteriaceae;Corynebacterium
982,Bacteria;Actinobacteria;Actinobacteria;Actinomycetales;Microbacteriaceae
2754,Bacteria;Firmicutes;Clostridia;Clostridiales;IncertaeSedisXI;Peptoniphilus
2745,Bacteria;Firmicutes;Clostridia;Clostridiales;IncertaeSedisXI;Parvimonas
2046,Bacteria;Firmicutes;Clostridia;Clostridiales
3035,Bacteria;Fusobacteria;Fusobacteria;Fusobacteriales;Fusobacteriaceae;Fusobacterium
314,Bacteria
595,Bacteria;Actinobacteria;Actinobacteria;Actinomycetales
2601,Bacteria;Firmicutes;Clostridia;Clostridiales;IncertaeSedisXI;Anaerococcus
2666,Bacteria;Firmicutes;Clostridia;Clostridiales;IncertaeSedisXI;Finegoldia
938,Bacteria;Actinobacteria;Actinobacteria;Actinomycetales;Corynebacteriaceae;Corynebacterium
3439,Bacteria;Proteobacteria;Epsilonproteobacteria;Campylobacterales;Campylobacteraceae;Campylobacter
623,Bacteria;Actinobacteria;Actinobacteria;Actinomycetales
3360,Bacteria;Proteobacteria;Betaproteobacteria;Burkholderiales;Burkholderiales_incertae_sedis;Aquabacterium
1724,Bacteria;Firmicutes;Bacilli;Bacillales
3402,Bacteria;Proteobacteria;Betaproteobacteria;Rhodocyclales;Rhodocyclaceae;Zoogloea
3581,Bacteria;Proteobacteria;Gammaproteobacteria;Pseudomonadales;Pseudomonadaceae;Pseudomonas
3196,Bacteria;Proteobacteria;Alphaproteobacteria;Rhizobiales;Bradyrhizobiaceae;Bosea
3396,Bacteria;Proteobacteria;Betaproteobacteria;Neisseriales;Neisseriaceae;Neisseria
3398,Bacteria;Proteobacteria;Betaproteobacteria;Rhodocyclales;Rhodocyclaceae
1682,Bacteria;Firmicutes;Bacilli;Bacillales
1706,Bacteria;Firmicutes;Bacilli;Bacillales
3356,Bacteria;Proteobacteria;Betaproteobacteria;Burkholderiales;Burkholderiales_incertae_sedis
1600,Bacteria;Firmicutes;Bacilli
1300,Bacteria;Bacteroidetes;Bacteroidia;Bacteroidales;Prevotellaceae;Prevotella
3043,Bacteria;Fusobacteria;Fusobacteria;Fusobacteriales;Leptotrichiaceae;Leptotrichia
3184,Bacteria;Proteobacteria;Alphaproteobacteria;Rhizobiales;Bradyrhizobiaceae
3124,Bacteria;Proteobacteria;Alphaproteobacteria;Caulobacterales;Caulobacteraceae;Caulobacter
1794,Bacteria;Firmicutes;Bacilli;Bacillales;Staphylococcaceae;Staphylococcus
3123,Bacteria;Proteobacteria;Alphaproteobacteria;Caulobacterales;Caulobacteraceae;Caulobacter
3093,Bacteria;Proteobacteria;Alphaproteobacteria
659,Bacteria;Actinobacteria;Actinobacteria;Actinomycetales
1788,Bacteria;Firmicutes;Bacilli;Bacillales;Staphylococcaceae;Staphylococcus
1784,Bacteria;Firmicutes;Bacilli;Bacillales;Staphylococcaceae;Staphylococcus
1768,Bacteria;Firmicutes;Bacilli;Bacillales;Staphylococcaceae
1760,Bacteria;Firmicutes;Bacilli;Bacillales;Staphylococcaceae
1739,Bacteria;Firmicutes;Bacilli;Bacillales;Bacillaceae;Tumebacillus
1593,Bacteria;Firmicutes;Bacilli
1584,Bacteria;Firmicutes;Bacilli
1108,Bacteria;Bacteroidetes
1016,Bacteria;Actinobacteria;Actinobacteria;Actinomycetales;Micrococcaceae;Rothia
3585,Bacteria;Proteobacteria;Gammaproteobacteria;Xanthomonadales;Xanthomonadaceae
989,Bacteria;Actinobacteria;Actinobacteria;Actinomycetales;Microbacteriaceae
789,Bacteria;Actinobacteria;Actinobacteria;Actinomycetales
2266,Bacteria;Firmicutes;Clostridia;Clostridiales;IncertaeSedisXI
737,Bacteria;Actinobacteria;Actinobacteria;Actinomycetales
2949,Bacteria;Firmicutes;Clostridia;Clostridiales;Ruminococcaceae;Fastidiosipila
1898,Bacteria;Firmicutes;Bacilli;Lactobacillales;Carnobacteriaceae;Granulicatella
2394,Bacteria;Firmicutes;Clostridia;Clostridiales;IncertaeSedisXI;Anaerococcus
2219,Bacteria;Firmicutes;Clostridia;Clostridiales;IncertaeSedisXI
1040,Bacteria;Actinobacteria;Actinobacteria;Actinomycetales;Nocardioidaceae;Nocardioides
763,Bacteria;Actinobacteria;Actinobacteria;Actinomycetales
3507,Bacteria;Proteobacteria;Gammaproteobacteria;Enterobacteriales;Enterobacteriaceae
933,Bacteria;Actinobacteria;Actinobacteria;Actinomycetales;Corynebacteriaceae;Corynebacterium
631,Bacteria;Actinobacteria;Actinobacteria;Actinomycetales
1639,Bacteria;Firmicutes;Bacilli
3119,Bacteria;Proteobacteria;Alphaproteobacteria;Caulobacterales;Caulobacteraceae;Brevundimonas
1840,Bacteria;Firmicutes;Bacilli;Lactobacillales
672,Bacteria;Actinobacteria;Actinobacteria;Actinomycetales
1685,Bacteria;Firmicutes;Bacilli;Bacillales
1634,Bacteria;Firmicutes;Bacilli
1618,Bacteria;Firmicutes;Bacilli
733,Bacteria;Actinobacteria;Actinobacteria;Actinomycetales
1525,Bacteria;Firmicutes
927,Bacteria;Actinobacteria;Actinobacteria;Actinomycetales;Corynebacteriaceae;Corynebacterium
899,Bacteria;Actinobacteria;Actinobacteria;Actinomycetales;Corynebacteriaceae
767,Bacteria;Actinobacteria;Actinobacteria;Actinomycetales
3378,Bacteria;Proteobacteria;Betaproteobacteria;Burkholderiales;Oxalobacteraceae;Herminiimonas
2338,Bacteria;Firmicutes;Clostridia;Clostridiales;IncertaeSedisXI;Anaerococcus
1952,Bacteria;Firmicutes;Clostridia
3476,Bacteria;Proteobacteria;Gammaproteobacteria
2123,Bacteria;Firmicutes;Clostridia;Clostridiales
3551,Bacteria;Proteobacteria;Gammaproteobacteria;Pseudomonadales;Moraxellaceae;Acinetobacter
775,Bacteria;Actinobacteria;Actinobacteria;Actinomycetales
2339,Bacteria;Firmicutes;Clostridia;Clostridiales;IncertaeSedisXI;Anaerococcus
932,Bacteria;Actinobacteria;Actinobacteria;Actinomycetales;Corynebacteriaceae;Corynebacterium
2445,Bacteria;Firmicutes;Clostridia;Clostridiales;IncertaeSedisXI;Anaerococcus
2604,Bacteria;Firmicutes;Clostridia;Clostridiales;IncertaeSedisXI;Anaerococcus
2300,Bacteria;Firmicutes;Clostridia;Clostridiales;IncertaeSedisXI;Anaerococcus
1615,Bacteria;Firmicutes;Bacilli
2455,Bacteria;Firmicutes;Clostridia;Clostridiales;IncertaeSedisXI;Anaerococcus
2535,Bacteria;Firmicutes;Clostridia;Clostridiales;IncertaeSedisXI;Anaerococcus
2621,Bacteria;Firmicutes;Clostridia;Clostridiales;IncertaeSedisXI;Anaerococcus
2627,Bacteria;Firmicutes;Clostridia;Clostridiales;IncertaeSedisXI;Anaerococcus
2634,Bacteria;Firmicutes;Clostridia;Clostridiales;IncertaeSedisXI;Anaerococcus
223,Bacteria
924,Bacteria;Actinobacteria;Actinobacteria;Actinomycetales;Corynebacteriaceae;Corynebacterium
3544,Bacteria;Proteobacteria;Gammaproteobacteria;Pseudomonadales;Moraxellaceae;Acinetobacter
1054,Bacteria;Actinobacteria;Actinobacteria;Bifidobacteriales;Bifidobacteriaceae
1681,Bacteria;Firmicutes;Bacilli
1792,Bacteria;Firmicutes;Bacilli;Bacillales;Staphylococcaceae;Staphylococcus
3549,Bacteria;Proteobacteria;Gammaproteobacteria;Pseudomonadales;Moraxellaceae;Acinetobacter
976,Bacteria;Actinobacteria;Actinobacteria;Actinomycetales;Intrasporangiaceae;Janibacter
1014,Bacteria;Actinobacteria;Actinobacteria;Actinomycetales;Micrococcaceae;Micrococcus
3381,Bacteria;Proteobacteria;Betaproteobacteria;Burkholderiales;Oxalobacteraceae;Naxibacter
945,Bacteria;Actinobacteria;Actinobacteria;Actinomycetales;Corynebacteriaceae;Corynebacterium
1055,Bacteria;Actinobacteria;Actinobacteria;Bifidobacteriales;Bifidobacteriaceae;Alloscardovia
3284,Bacteria;Proteobacteria;Alphaproteobacteria;Sphingomonadales;Sphingomonadaceae;Sphingomonas
1911,Bacteria;Firmicutes;Bacilli;Lactobacillales;Streptococcaceae;Lactococcus
3352,Bacteria;Proteobacteria;Betaproteobacteria;Burkholderiales;Burkholderiaceae;Ralstonia
1921,Bacteria;Firmicutes;Bacilli;Lactobacillales;Streptococcaceae;Streptococcus
3320,Bacteria;Proteobacteria;Betaproteobacteria;Burkholderiales
3328,Bacteria;Proteobacteria;Betaproteobacteria;Burkholderiales
3371,Bacteria;Proteobacteria;Betaproteobacteria;Burkholderiales;Comamonadaceae;Variovorax
3485,Bacteria;Proteobacteria;Gammaproteobacteria
3111,Bacteria;Proteobacteria;Alphaproteobacteria
3593,Bacteria;Proteobacteria;Gammaproteobacteria;Xanthomonadales;Xanthomonadaceae
3227,Bacteria;Proteobacteria;Alphaproteobacteria;Rhodobacterales;Rhodobacteraceae
3372,Bacteria;Proteobacteria;Betaproteobacteria;Burkholderiales;Oxalobacteraceae
1293,Bacteria;Bacteroidetes;Bacteroidia;Bacteroidales;Prevotellaceae;Prevotella
3407,Bacteria;Proteobacteria;Deltaproteobacteria;Desulfovibrionales;Desulfovibrionaceae;Desulfovibrio
3615,Bacteria;Synergistetes;Synergistia;Synergistales;Synergistaceae;Cloacibacillus
3406,Bacteria;Proteobacteria;Deltaproteobacteria;Desulfovibrionales
3404,Bacteria;Proteobacteria;Deltaproteobacteria
978,Bacteria;Actinobacteria;Actinobacteria;Actinomycetales;Intrasporangiaceae;Phycicoccus
3363,Bacteria;Proteobacteria;Betaproteobacteria;Burkholderiales;Comamonadaceae
1361,Bacteria;Bacteroidetes;Flavobacteria;Flavobacteriales;Flavobacteriaceae;Cloacibacterium
954,Bacteria;Actinobacteria;Actinobacteria;Actinomycetales;Dermabacteraceae;Brachybacterium
894,Bacteria;Actinobacteria;Actinobacteria;Actinomycetales;Corynebacteriaceae
981,Bacteria;Actinobacteria;Actinobacteria;Actinomycetales;Kineosporiaceae;Quadrisphaera
2893,Bacteria;Firmicutes;Clostridia;Clostridiales;Lachnospiraceae;Dorea
928,Bacteria;Actinobacteria;Actinobacteria;Actinomycetales;Corynebacteriaceae;Corynebacterium
1895,Bacteria;Firmicutes;Bacilli;Lactobacillales;Carnobacteriaceae;Dolosigranulum
1876,Bacteria;Firmicutes;Bacilli;Lactobacillales;Aerococcaceae;Abiotrophia
3030,Bacteria;Firmicutes;Clostridia;Clostridiales;Veillonellaceae;Veillonella
1239,Bacteria;Bacteroidetes;Bacteroidia;Bacteroidales;Porphyromonadaceae;Porphyromonas
541,Bacteria;Acidobacteria;Acidobacteria_Gp6;Gp6
3591,Bacteria;Proteobacteria;Gammaproteobacteria;Xanthomonadales;Xanthomonadaceae
3482,Bacteria;Proteobacteria;Gammaproteobacteria
3040,Bacteria;Fusobacteria;Fusobacteria;Fusobacteriales;Leptotrichiaceae;Leptotrichia
3274,Bacteria;Proteobacteria;Alphaproteobacteria;Sphingomonadales;Sphingomonadaceae
3397,Bacteria;Proteobacteria;Betaproteobacteria;Nitrosomonadales;Nitrosomonadaceae;Nitrosomonas
2,Archaea;Euryarchaeota;Halobacteria;Halobacteriales;Halobacteriaceae;Halococcus
3612,Bacteria;Spirochaetes;Spirochaetes;Spirochaetales;Spirochaetaceae;Treponema
187,Bacteria
1762,Bacteria;Firmicutes;Bacilli;Bacillales;Staphylococcaceae
3029,Bacteria;Firmicutes;Clostridia;Clostridiales;Veillonellaceae;Veillonella
1456,Bacteria;Cyanobacteria;Cyanobacteria;Chloroplast;Streptophyta
419,Bacteria
1919,Bacteria;Firmicutes;Bacilli;Lactobacillales;Streptococcaceae;Streptococcus
3574,Bacteria;Proteobacteria;Gammaproteobacteria;Pseudomonadales;Pseudomonadaceae
797,Bacteria;Actinobacteria;Actinobacteria;Actinomycetales
3611,Bacteria;Spirochaetes;Spirochaetes;Spirochaetales;Spirochaetaceae;Treponema
885,Bacteria;Actinobacteria;Actinobacteria;Actinomycetales;Brevibacteriaceae;Brevibacterium
1038,Bacteria;Actinobacteria;Actinobacteria;Actinomycetales;Nocardioidaceae;Marmoricola
3134,Bacteria;Proteobacteria;Alphaproteobacteria;Caulobacterales;Caulobacteraceae;Phenylobacterium
3045,Bacteria;Fusobacteria;Fusobacteria;Fusobacteriales;Leptotrichiaceae;Leptotrichia
1109,Bacteria;Bacteroidetes
2891,Bacteria;Firmicutes;Clostridia;Clostridiales;Lachnospiraceae
1917,Bacteria;Firmicutes;Bacilli;Lactobacillales;Streptococcaceae;Streptococcus
2404,Bacteria;Firmicutes;Clostridia;Clostridiales;IncertaeSedisXI;Anaerococcus
952,Bacteria;Actinobacteria;Actinobacteria;Actinomycetales;Dermabacteraceae
2572,Bacteria;Firmicutes;Clostridia;Clostridiales;IncertaeSedisXI;Anaerococcus
134,Bacteria
959,Bacteria;Actinobacteria;Actinobacteria;Actinomycetales;Dermabacteraceae;Dermabacter
950,Bacteria;Actinobacteria;Actinobacteria;Actinomycetales;Dermabacteraceae
2234,Bacteria;Firmicutes;Clostridia;Clostridiales;IncertaeSedisXI
965,Bacteria;Actinobacteria;Actinobacteria;Actinomycetales;Dermabacteraceae;Dermabacter
2736,Bacteria;Firmicutes;Clostridia;Clostridiales;IncertaeSedisXI;Finegoldia
820,Bacteria;Actinobacteria;Actinobacteria;Actinomycetales
1000,Bacteria;Actinobacteria;Actinobacteria;Actinomycetales;Microbacteriaceae;Zimmermannella
2425,Bacteria;Firmicutes;Clostridia;Clostridiales;IncertaeSedisXI;Anaerococcus
940,Bacteria;Actinobacteria;Actinobacteria;Actinomycetales;Corynebacteriaceae;Corynebacterium
908,Bacteria;Actinobacteria;Actinobacteria;Actinomycetales;Corynebacteriaceae
2602,Bacteria;Firmicutes;Clostridia;Clostridiales;IncertaeSedisXI;Anaerococcus
2648,Bacteria;Firmicutes;Clostridia;Clostridiales;IncertaeSedisXI;Anaerococcus
343,Bacteria
1408,Bacteria;Bacteroidetes;Sphingobacteria;Sphingobacteriales;Cytophagaceae;Adhaeribacter
1839,Bacteria;Firmicutes;Bacilli;Lactobacillales
3177,Bacteria;Proteobacteria;Alphaproteobacteria;Rhizobiales;Aurantimonadaceae;Aurantimonas
3224,Bacteria;Proteobacteria;Alphaproteobacteria;Rhodobacterales;Rhodobacteraceae
1335,Bacteria;Bacteroidetes;Bacteroidia;Bacteroidales;Prevotellaceae;Prevotella
1021,Bacteria;Actinobacteria;Actinobacteria;Actinomycetales;Nocardiaceae;Gordonia
3570,Bacteria;Proteobacteria;Gammaproteobacteria;Pseudomonadales;Pseudomonadaceae
3494,Bacteria;Proteobacteria;Gammaproteobacteria
1691,Bacteria;Firmicutes;Bacilli;Bacillales
1428,Bacteria;Bacteroidetes;Sphingobacteria;Sphingobacteriales;Sphingobacteriaceae;Sphingobacterium
2088,Bacteria;Firmicutes;Clostridia;Clostridiales
1162,Bacteria;Bacteroidetes;Bacteroidia;Bacteroidales;Porphyromonadaceae;Porphyromonas
1291,Bacteria;Bacteroidetes;Bacteroidia;Bacteroidales;Prevotellaceae;Prevotella
2558,Bacteria;Firmicutes;Clostridia;Clostridiales;IncertaeSedisXI;Anaerococcus
2314,Bacteria;Firmicutes;Clostridia;Clostridiales;IncertaeSedisXI;Anaerococcus
1882,Bacteria;Firmicutes;Bacilli;Lactobacillales;Aerococcaceae;Ignavigranum
2307,Bacteria;Firmicutes;Clostridia;Clostridiales;IncertaeSedisXI;Anaerococcus
2569,Bacteria;Firmicutes;Clostridia;Clostridiales;IncertaeSedisXI;Anaerococcus
2438,Bacteria;Firmicutes;Clostridia;Clostridiales;IncertaeSedisXI;Anaerococcus
2378,Bacteria;Firmicutes;Clostridia;Clostridiales;IncertaeSedisXI;Anaerococcus
1853,Bacteria;Firmicutes;Bacilli;Lactobacillales;Aerococcaceae
2742,Bacteria;Firmicutes;Clostridia;Clostridiales;IncertaeSedisXI;Helcococcus
2372,Bacteria;Firmicutes;Clostridia;Clostridiales;IncertaeSedisXI;Anaerococcus
972,Bacteria;Actinobacteria;Actinobacteria;Actinomycetales;Dermacoccaceae;Kytococcus
2431,Bacteria;Firmicutes;Clostridia;Clostridiales;IncertaeSedisXI;Anaerococcus
2567,Bacteria;Firmicutes;Clostridia;Clostridiales;IncertaeSedisXI;Anaerococcus
113,Bacteria
2327,Bacteria;Firmicutes;Clostridia;Clostridiales;IncertaeSedisXI;Anaerococcus
2645,Bacteria;Firmicutes;Clostridia;Clostridiales;IncertaeSedisXI;Anaerococcus
2901,Bacteria;Firmicutes;Clostridia;Clostridiales;Peptococcaceae;Peptococcus
2800,Bacteria;Firmicutes;Clostridia;Clostridiales;IncertaeSedisXI;Peptoniphilus
2620,Bacteria;Firmicutes;Clostridia;Clostridiales;IncertaeSedisXI;Anaerococcus
2827,Bacteria;Firmicutes;Clostridia;Clostridiales;IncertaeSedisXI;Peptoniphilus
2710,Bacteria;Firmicutes;Clostridia;Clostridiales;IncertaeSedisXI;Finegoldia
29,Bacteria
2562,Bacteria;Firmicutes;Clostridia;Clostridiales;IncertaeSedisXI;Anaerococcus
283,Bacteria
658,Bacteria;Actinobacteria;Actinobacteria;Actinomycetales
1850,Bacteria;Firmicutes;Bacilli;Lactobacillales;Aerococcaceae
1868,Bacteria;Firmicutes;Bacilli;Lactobacillales;Aerococcaceae
1971,Bacteria;Firmicutes;Clostridia
2295,Bacteria;Firmicutes;Clostridia;Clostridiales;IncertaeSedisXI;Anaerococcus
2297,Bacteria;Firmicutes;Clostridia;Clostridiales;IncertaeSedisXI;Anaerococcus
2364,Bacteria;Firmicutes;Clostridia;Clostridiales;IncertaeSedisXI;Anaerococcus
2390,Bacteria;Firmicutes;Clostridia;Clostridiales;IncertaeSedisXI;Anaerococcus
2494,Bacteria;Firmicutes;Clostridia;Clostridiales;IncertaeSedisXI;Anaerococcus
2530,Bacteria;Firmicutes;Clostridia;Clostridiales;IncertaeSedisXI;Anaerococcus
2579,Bacteria;Firmicutes;Clostridia;Clostridiales;IncertaeSedisXI;Anaerococcus
1714,Bacteria;Firmicutes;Bacilli;Bacillales
1333,Bacteria;Bacteroidetes;Bacteroidia;Bacteroidales;Prevotellaceae;Prevotella
1985,Bacteria;Firmicutes;Clostridia;Clostridiales
2750,Bacteria;Firmicutes;Clostridia;Clostridiales;IncertaeSedisXI;Peptoniphilus
2273,Bacteria;Firmicutes;Clostridia;Clostridiales;IncertaeSedisXI
2994,Bacteria;Firmicutes;Clostridia;Clostridiales;Veillonellaceae;Dialister
122,Bacteria
2496,Bacteria;Firmicutes;Clostridia;Clostridiales;IncertaeSedisXI;Anaerococcus
1294,Bacteria;Bacteroidetes;Bacteroidia;Bacteroidales;Prevotellaceae;Prevotella
2450,Bacteria;Firmicutes;Clostridia;Clostridiales;IncertaeSedisXI;Anaerococcus
1213,Bacteria;Bacteroidetes;Bacteroidia;Bacteroidales;Porphyromonadaceae;Porphyromonas
847,Bacteria;Actinobacteria;Actinobacteria;Actinomycetales;Actinomycetaceae;Arcanobacterium
2804,Bacteria;Firmicutes;Clostridia;Clostridiales;IncertaeSedisXI;Peptoniphilus
2793,Bacteria;Firmicutes;Clostridia;Clostridiales;IncertaeSedisXI;Peptoniphilus
1059,Bacteria;Actinobacteria;Actinobacteria;Coriobacteriales;Coriobacteriaceae
1478,Bacteria;Firmicutes
2133,Bacteria;Firmicutes;Clostridia;Clostridiales
2135,Bacteria;Firmicutes;Clostridia;Clostridiales
327,Bacteria
2992,Bacteria;Firmicutes;Clostridia;Clostridiales;Veillonellaceae;Dialister
2968,Bacteria;Firmicutes;Clostridia;Clostridiales;Veillonellaceae
434,Bacteria
1883,Bacteria;Firmicutes;Bacilli;Lactobacillales;Carnobacteriaceae
1474,Bacteria;Firmicutes
242,Bacteria
2795,Bacteria;Firmicutes;Clostridia;Clostridiales;IncertaeSedisXI;Peptoniphilus
1334,Bacteria;Bacteroidetes;Bacteroidia;Bacteroidales;Prevotellaceae;Prevotella
1305,Bacteria;Bacteroidetes;Bacteroidia;Bacteroidales;Prevotellaceae;Prevotella
2755,Bacteria;Firmicutes;Clostridia;Clostridiales;IncertaeSedisXI;Peptoniphilus
2044,Bacteria;Firmicutes;Clostridia;Clostridiales
1139,Bacteria;Bacteroidetes;Bacteroidia;Bacteroidales;Porphyromonadaceae;Porphyromonas
2639,Bacteria;Firmicutes;Clostridia;Clostridiales;IncertaeSedisXI;Anaerococcus
2580,Bacteria;Firmicutes;Clostridia;Clostridiales;IncertaeSedisXI;Anaerococcus
2537,Bacteria;Firmicutes;Clostridia;Clostridiales;IncertaeSedisXI;Anaerococcus
1180,Bacteria;Bacteroidetes;Bacteroidia;Bacteroidales;Porphyromonadaceae;Porphyromonas
1838,Bacteria;Firmicutes;Bacilli;Lactobacillales
1186,Bacteria;Bacteroidetes;Bacteroidia;Bacteroidales;Porphyromonadaceae;Porphyromonas
1191,Bacteria;Bacteroidetes;Bacteroidia;Bacteroidales;Porphyromonadaceae;Porphyromonas
2310,Bacteria;Firmicutes;Clostridia;Clostridiales;IncertaeSedisXI;Anaerococcus
2107,Bacteria;Firmicutes;Clostridia;Clostridiales
1230,Bacteria;Bacteroidetes;Bacteroidia;Bacteroidales;Porphyromonadaceae;Porphyromonas
2239,Bacteria;Firmicutes;Clostridia;Clostridiales;IncertaeSedisXI
2187,Bacteria;Firmicutes;Clostridia;Clostridiales;IncertaeSedisXI
1805,Bacteria;Firmicutes;Bacilli;Lactobacillales
781,Bacteria;Actinobacteria;Actinobacteria;Actinomycetales
2630,Bacteria;Firmicutes;Clostridia;Clostridiales;IncertaeSedisXI;Anaerococcus
2157,Bacteria;Firmicutes;Clostridia;Clostridiales
3413,Bacteria;Proteobacteria;Deltaproteobacteria;Myxococcales
493,Bacteria
1164,Bacteria;Bacteroidetes;Bacteroidia;Bacteroidales;Porphyromonadaceae;Porphyromonas
1165,Bacteria;Bacteroidetes;Bacteroidia;Bacteroidales;Porphyromonadaceae;Porphyromonas
2590,Bacteria;Firmicutes;Clostridia;Clostridiales;IncertaeSedisXI;Anaerococcus
948,Bacteria;Actinobacteria;Actinobacteria;Actinomycetales;Corynebacteriaceae;Turicella
840,Bacteria;Actinobacteria;Actinobacteria;Actinomycetales;Actinomycetaceae;Actinomyces
887,Bacteria;Actinobacteria;Actinobacteria;Actinomycetales;Corynebacteriaceae
579,Bacteria;Actinobacteria;Actinobacteria;Actinomycetales
663,Bacteria;Actinobacteria;Actinobacteria;Actinomycetales
655,Bacteria;Actinobacteria;Actinobacteria;Actinomycetales
2443,Bacteria;Firmicutes;Clostridia;Clostridiales;IncertaeSedisXI;Anaerococcus
2513,Bacteria;Firmicutes;Clostridia;Clostridiales;IncertaeSedisXI;Anaerococcus
2452,Bacteria;Firmicutes;Clostridia;Clostridiales;IncertaeSedisXI;Anaerococcus
1565,Bacteria;Firmicutes
3031,Bacteria;Firmicutes;Clostridia;Clostridiales;Veillonellaceae;Veillonella
3022,Bacteria;Firmicutes;Clostridia;Clostridiales;Veillonellaceae;Veillonella
3027,Bacteria;Firmicutes;Clostridia;Clostridiales;Veillonellaceae;Veillonella
888,Bacteria;Actinobacteria;Actinobacteria;Actinomycetales;Corynebacteriaceae
920,Bacteria;Actinobacteria;Actinobacteria;Actinomycetales;Corynebacteriaceae;Corynebacterium
2089,Bacteria;Firmicutes;Clostridia;Clostridiales
2692,Bacteria;Firmicutes;Clostridia;Clostridiales;IncertaeSedisXI;Finegoldia
2943,Bacteria;Firmicutes;Clostridia;Clostridiales;Ruminococcaceae;Faecalibacterium
977,Bacteria;Actinobacteria;Actinobacteria;Actinomycetales;Intrasporangiaceae;Ornithinimicrobium
3537,Bacteria;Proteobacteria;Gammaproteobacteria;Pseudomonadales;Moraxellaceae
3568,Bacteria;Proteobacteria;Gammaproteobacteria;Pseudomonadales;Pseudomonadaceae
1878,Bacteria;Firmicutes;Bacilli;Lactobacillales;Aerococcaceae;Aerococcus
1352,Bacteria;Bacteroidetes;Flavobacteria;Flavobacteriales;Flavobacteriaceae
1065,Bacteria;Actinobacteria;Actinobacteria;Rubrobacterales;Rubrobacteraceae;Rubrobacter
3613,Bacteria;SR1;SR1_genera_incertae_sedis
2528,Bacteria;Firmicutes;Clostridia;Clostridiales;IncertaeSedisXI;Anaerococcus
2508,Bacteria;Firmicutes;Clostridia;Clostridiales;IncertaeSedisXI;Anaerococcus
325,Bacteria
316,Bacteria
2499,Bacteria;Firmicutes;Clostridia;Clostridiales;IncertaeSedisXI;Anaerococcus
2075,Bacteria;Firmicutes;Clostridia;Clostridiales
2548,Bacteria;Firmicutes;Clostridia;Clostridiales;IncertaeSedisXI;Anaerococcus
1984,Bacteria;Firmicutes;Clostridia;Clostridiales
2340,Bacteria;Firmicutes;Clostridia;Clostridiales;IncertaeSedisXI;Anaerococcus
2520,Bacteria;Firmicutes;Clostridia;Clostridiales;IncertaeSedisXI;Anaerococcus
1536,Bacteria;Firmicutes
2806,Bacteria;Firmicutes;Clostridia;Clostridiales;IncertaeSedisXI;Peptoniphilus
2593,Bacteria;Firmicutes;Clostridia;Clostridiales;IncertaeSedisXI;Anaerococcus
2583,Bacteria;Firmicutes;Clostridia;Clostridiales;IncertaeSedisXI;Anaerococcus
675,Bacteria;Actinobacteria;Actinobacteria;Actinomycetales
751,Bacteria;Actinobacteria;Actinobacteria;Actinomycetales
2534,Bacteria;Firmicutes;Clostridia;Clostridiales;IncertaeSedisXI;Anaerococcus
1049,Bacteria;Actinobacteria;Actinobacteria;Actinomycetales;Pseudonocardiaceae;Actinomycetospora
2505,Bacteria;Firmicutes;Clostridia;Clostridiales;IncertaeSedisXI;Anaerococcus
871,Bacteria;Actinobacteria;Actinobacteria;Actinomycetales;Actinomycetaceae;Varibaculum
1225,Bacteria;Bacteroidetes;Bacteroidia;Bacteroidales;Porphyromonadaceae;Porphyromonas
1244,Bacteria;Bacteroidetes;Bacteroidia;Bacteroidales;Porphyromonadaceae;Porphyromonas
1490,Bacteria;Firmicutes
931,Bacteria;Actinobacteria;Actinobacteria;Actinomycetales;Corynebacteriaceae;Corynebacterium
2103,Bacteria;Firmicutes;Clostridia;Clostridiales
2137,Bacteria;Firmicutes;Clostridia;Clostridiales
2189,Bacteria;Firmicutes;Clostridia;Clostridiales;IncertaeSedisXI
2485,Bacteria;Firmicutes;Clostridia;Clostridiales;IncertaeSedisXI;Anaerococcus
2344,Bacteria;Firmicutes;Clostridia;Clostridiales;IncertaeSedisXI;Anaerococcus
2393,Bacteria;Firmicutes;Clostridia;Clostridiales;IncertaeSedisXI;Anaerococcus
1144,Bacteria;Bacteroidetes;Bacteroidia;Bacteroidales;Porphyromonadaceae;Porphyromonas
2441,Bacteria;Firmicutes;Clostridia;Clostridiales;IncertaeSedisXI;Anaerococcus
2457,Bacteria;Firmicutes;Clostridia;Clostridiales;IncertaeSedisXI;Anaerococcus
2467,Bacteria;Firmicutes;Clostridia;Clostridiales;IncertaeSedisXI;Anaerococcus
2473,Bacteria;Firmicutes;Clostridia;Clostridiales;IncertaeSedisXI;Anaerococcus
786,Bacteria;Actinobacteria;Actinobacteria;Actinomycetales
1386,Bacteria;Bacteroidetes;Sphingobacteria;Sphingobacteriales;Chitinophagaceae
3219,Bacteria;Proteobacteria;Alphaproteobacteria;Rhizobiales;Phyllobacteriaceae;Mesorhizobium
408,Bacteria
3275,Bacteria;Proteobacteria;Alphaproteobacteria;Sphingomonadales;Sphingomonadaceae;Novosphingobium
1398,Bacteria;Bacteroidetes;Sphingobacteria;Sphingobacteriales;Chitinophagaceae;Sediminibacterium
440,Bacteria
1388,Bacteria;Bacteroidetes;Sphingobacteria;Sphingobacteriales;Chitinophagaceae
84,Bacteria
3212,Bacteria;Proteobacteria;Alphaproteobacteria;Rhizobiales;Methylobacteriaceae;Methylobacterium
973,Bacteria;Actinobacteria;Actinobacteria;Actinomycetales;Dietziaceae;Dietzia
3117,Bacteria;Proteobacteria;Alphaproteobacteria;Caulobacterales;Caulobacteraceae;Brevundimonas
2803,Bacteria;Firmicutes;Clostridia;Clostridiales;IncertaeSedisXI;Peptoniphilus
1347,Bacteria;Bacteroidetes;Flavobacteria;Flavobacteriales
990,Bacteria;Actinobacteria;Actinobacteria;Actinomycetales;Microbacteriaceae
983,Bacteria;Actinobacteria;Actinobacteria;Actinomycetales;Microbacteriaceae
3383,Bacteria;Proteobacteria;Betaproteobacteria;Methylophilales;Methylophilaceae
3322,Bacteria;Proteobacteria;Betaproteobacteria;Burkholderiales
558,Bacteria;Actinobacteria;Actinobacteria;Actinomycetales
1399,Bacteria;Bacteroidetes;Sphingobacteria;Sphingobacteriales;Chitinophagaceae;Sediminibacterium
937,Bacteria;Actinobacteria;Actinobacteria;Actinomycetales;Corynebacteriaceae;Corynebacterium
1107,Bacteria;Bacteroidetes
399,Bacteria
3340,Bacteria;Proteobacteria;Betaproteobacteria;Burkholderiales;Alcaligenaceae
1004,Bacteria;Actinobacteria;Actinobacteria;Actinomycetales;Micrococcaceae
1387,Bacteria;Bacteroidetes;Sphingobacteria;Sphingobacteriales;Chitinophagaceae
3232,Bacteria;Proteobacteria;Alphaproteobacteria;Rhodospirillales
3221,Bacteria;Proteobacteria;Alphaproteobacteria;Rhodobacterales;Rhodobacteraceae
1360,Bacteria;Bacteroidetes;Flavobacteria;Flavobacteriales;Flavobacteriaceae;Chryseobacterium
142,Bacteria
1906,Bacteria;Firmicutes;Bacilli;Lactobacillales;Leuconostocaceae;Leuconostoc
1431,Bacteria;Bacteroidetes;Sphingobacteria;Sphingobacteriales;Sphingobacteriaceae;Sphingobacterium
2768,Bacteria;Firmicutes;Clostridia;Clostridiales;IncertaeSedisXI;Peptoniphilus
975,Bacteria;Actinobacteria;Actinobacteria;Actinomycetales;Intrasporangiaceae;Arsenicicoccus
3282,Bacteria;Proteobacteria;Alphaproteobacteria;Sphingomonadales;Sphingomonadaceae;Sphingomonas
3607,Bacteria;Proteobacteria;Gammaproteobacteria;Xanthomonadales;Xanthomonadaceae;Stenotrophomonas
3550,Bacteria;Proteobacteria;Gammaproteobacteria;Pseudomonadales;Moraxellaceae;Acinetobacter
3536,Bacteria;Proteobacteria;Gammaproteobacteria;Pseudomonadales;Moraxellaceae
1414,Bacteria;Bacteroidetes;Sphingobacteria;Sphingobacteriales;Cytophagaceae;Spirosoma
3561,Bacteria;Proteobacteria;Gammaproteobacteria;Pseudomonadales;Pseudomonadaceae
3256,Bacteria;Proteobacteria;Alphaproteobacteria;Sphingomonadales
3251,Bacteria;Proteobacteria;Alphaproteobacteria;Rhodospirillales;Rhodospirillaceae;Skermanella
3609,Bacteria;Proteobacteria;Gammaproteobacteria;Xanthomonadales;Xanthomonadaceae;Stenotrophomonas
1375,Bacteria;Bacteroidetes;Sphingobacteria;Sphingobacteriales
3608,Bacteria;Proteobacteria;Gammaproteobacteria;Xanthomonadales;Xanthomonadaceae;Stenotrophomonas
3603,Bacteria;Proteobacteria;Gammaproteobacteria;Xanthomonadales;Xanthomonadaceae;Pseudoxanthomonas
312,Bacteria
723,Bacteria;Actinobacteria;Actinobacteria;Actinomycetales
1276,Bacteria;Bacteroidetes;Bacteroidia;Bacteroidales;Prevotellaceae
807,Bacteria;Actinobacteria;Actinobacteria;Actinomycetales
3364,Bacteria;Proteobacteria;Betaproteobacteria;Burkholderiales;Comamonadaceae
1012,Bacteria;Actinobacteria;Actinobacteria;Actinomycetales;Micrococcaceae;Arthrobacter
3264,Bacteria;Proteobacteria;Alphaproteobacteria;Sphingomonadales;Erythrobacteraceae;Erythrobacter
985,Bacteria;Actinobacteria;Actinobacteria;Actinomycetales;Microbacteriaceae
3255,Bacteria;Proteobacteria;Alphaproteobacteria;Sphingomonadales
1908,Bacteria;Firmicutes;Bacilli;Lactobacillales;Leuconostocaceae;Weissella
2033,Bacteria;Firmicutes;Clostridia;Clostridiales
1048,Bacteria;Actinobacteria;Actinobacteria;Actinomycetales;Pseudonocardiaceae
3470,Bacteria;Proteobacteria;Gammaproteobacteria
531,Bacteria;Acidobacteria;Acidobacteria_Gp2;Gp2
3414,Bacteria;Proteobacteria;Deltaproteobacteria;Myxococcales
3472,Bacteria;Proteobacteria;Gammaproteobacteria
1696,Bacteria;Firmicutes;Bacilli;Bacillales
216,Bacteria
3064,Bacteria;Proteobacteria
1389,Bacteria;Bacteroidetes;Sphingobacteria;Sphingobacteriales;Chitinophagaceae
66,Bacteria
118,Bacteria
2181,Bacteria;Firmicutes;Clostridia;Clostridiales;Clostridiaceae
2322,Bacteria;Firmicutes;Clostridia;Clostridiales;IncertaeSedisXI;Anaerococcus
3207,Bacteria;Proteobacteria;Alphaproteobacteria;Rhizobiales;Methylobacteriaceae
3205,Bacteria;Proteobacteria;Alphaproteobacteria;Rhizobiales;Hyphomicrobiaceae;Hyphomicrobium
3088,Bacteria;Proteobacteria;Alphaproteobacteria
1824,Bacteria;Firmicutes;Bacilli;Lactobacillales
2120,Bacteria;Firmicutes;Clostridia;Clostridiales
1967,Bacteria;Firmicutes;Clostridia
1018,Bacteria;Actinobacteria;Actinobacteria;Actinomycetales;Micromonosporaceae
3306,Bacteria;Proteobacteria;Betaproteobacteria
3197,Bacteria;Proteobacteria;Alphaproteobacteria;Rhizobiales;Bradyrhizobiaceae;Bradyrhizobium
3180,Bacteria;Proteobacteria;Alphaproteobacteria;Rhizobiales;Bradyrhizobiaceae
3131,Bacteria;Proteobacteria;Alphaproteobacteria;Caulobacterales;Caulobacteraceae;Phenylobacterium
1969,Bacteria;Firmicutes;Clostridia
4,Archaea;Euryarchaeota;Methanobacteria;Methanobacteriales;Methanobacteriaceae;Methanobrevibacter
1744,Bacteria;Firmicutes;Bacilli;Bacillales;Paenibacillaceae;Paenibacillus
1510,Bacteria;Firmicutes
3285,Bacteria;Proteobacteria;Alphaproteobacteria;Sphingomonadales;Sphingomonadaceae;Sphingomonas
1746,Bacteria;Firmicutes;Bacilli;Bacillales;Planococcaceae
3191,Bacteria;Proteobacteria;Alphaproteobacteria;Rhizobiales;Bradyrhizobiaceae
141,Bacteria
3580,Bacteria;Proteobacteria;Gammaproteobacteria;Pseudomonadales;Pseudomonadaceae;Cellvibrio
3582,Bacteria;Proteobacteria;Gammaproteobacteria;Xanthomonadales;Sinobacteraceae;Nevskia
3408,Bacteria;Proteobacteria;Deltaproteobacteria;Myxococcales
390,Bacteria
3189,Bacteria;Proteobacteria;Alphaproteobacteria;Rhizobiales;Bradyrhizobiaceae
510,Bacteria
2950,Bacteria;Firmicutes;Clostridia;Clostridiales;Ruminococcaceae;Ruminococcus
2899,Bacteria;Firmicutes;Clostridia;Clostridiales;Peptococcaceae;Peptococcus
1119,Bacteria;Bacteroidetes;Bacteroidia;Bacteroidales;Bacteroidales_incertae_sedis;Phocaeicola
1927,Bacteria;Firmicutes;Bacilli;Lactobacillales;Streptococcaceae;Streptococcus
2347,Bacteria;Firmicutes;Clostridia;Clostridiales;IncertaeSedisXI;Anaerococcus
2502,Bacteria;Firmicutes;Clostridia;Clostridiales;IncertaeSedisXI;Anaerococcus
2576,Bacteria;Firmicutes;Clostridia;Clostridiales;IncertaeSedisXI;Anaerococcus
2650,Bacteria;Firmicutes;Clostridia;Clostridiales;IncertaeSedisXI;Anaerococcus
2577,Bacteria;Firmicutes;Clostridia;Clostridiales;IncertaeSedisXI;Anaerococcus
2729,Bacteria;Firmicutes;Clostridia;Clostridiales;IncertaeSedisXI;Finegoldia
370,Bacteria
2355,Bacteria;Firmicutes;Clostridia;Clostridiales;IncertaeSedisXI;Anaerococcus
1893,Bacteria;Firmicutes;Bacilli;Lactobacillales;Carnobacteriaceae
625,Bacteria;Actinobacteria;Actinobacteria;Actinomycetales
1818,Bacteria;Firmicutes;Bacilli;Lactobacillales
1807,Bacteria;Firmicutes;Bacilli;Lactobacillales
1485,Bacteria;Firmicutes
949,Bacteria;Actinobacteria;Actinobacteria;Actinomycetales;Dermabacteraceae
876,Bacteria;Actinobacteria;Actinobacteria;Actinomycetales;Actinomycetaceae;Varibaculum
691,Bacteria;Actinobacteria;Actinobacteria;Actinomycetales
1885,Bacteria;Firmicutes;Bacilli;Lactobacillales;Carnobacteriaceae
3660,Bacteria;Synergistetes;Synergistia;Synergistales;Synergistaceae;Pyramidobacter
3007,Bacteria;Firmicutes;Clostridia;Clostridiales;Veillonellaceae;Succiniclasticum
1259,Bacteria;Bacteroidetes;Bacteroidia;Bacteroidales;Porphyromonadaceae;Porphyromonas
161,Bacteria
180,Bacteria
3636,Bacteria;Synergistetes;Synergistia;Synergistales;Synergistaceae;Jonquetella
3626,Bacteria;Synergistetes;Synergistia;Synergistales;Synergistaceae;Jonquetella
190,Bacteria
1083,Bacteria;Bacteroidetes
2158,Bacteria;Firmicutes;Clostridia;Clostridiales
2038,Bacteria;Firmicutes;Clostridia;Clostridiales
2025,Bacteria;Firmicutes;Clostridia;Clostridiales
771,Bacteria;Actinobacteria;Actinobacteria;Actinomycetales
146,Bacteria
1256,Bacteria;Bacteroidetes;Bacteroidia;Bacteroidales;Porphyromonadaceae;Porphyromonas
1178,Bacteria;Bacteroidetes;Bacteroidia;Bacteroidales;Porphyromonadaceae;Porphyromonas
96,Bacteria
323,Bacteria
718,Bacteria;Actinobacteria;Actinobacteria;Actinomycetales
1620,Bacteria;Firmicutes;Bacilli
3063,Bacteria;Proteobacteria
785,Bacteria;Actinobacteria;Actinobacteria;Actinomycetales
1859,Bacteria;Firmicutes;Bacilli;Lactobacillales;Aerococcaceae
968,Bacteria;Actinobacteria;Actinobacteria;Actinomycetales;Dermabacteraceae;Dermabacter
1722,Bacteria;Firmicutes;Bacilli;Bacillales
1024,Bacteria;Actinobacteria;Actinobacteria;Actinomycetales;Nocardiaceae;Rhodococcus
1025,Bacteria;Actinobacteria;Actinobacteria;Actinomycetales;Nocardiaceae;Rhodococcus
1721,Bacteria;Firmicutes;Bacilli;Bacillales
426,Bacteria
617,Bacteria;Actinobacteria;Actinobacteria;Actinomycetales
1698,Bacteria;Firmicutes;Bacilli;Bacillales
1581,Bacteria;Firmicutes;Bacilli
762,Bacteria;Actinobacteria;Actinobacteria;Actinomycetales
709,Bacteria;Actinobacteria;Actinobacteria;Actinomycetales
2463,Bacteria;Firmicutes;Clostridia;Clostridiales;IncertaeSedisXI;Anaerococcus
2932,Bacteria;Firmicutes;Clostridia;Clostridiales;Peptostreptococcaceae
454,Bacteria
1326,Bacteria;Bacteroidetes;Bacteroidia;Bacteroidales;Prevotellaceae;Prevotella
2997,Bacteria;Firmicutes;Clostridia;Clostridiales;Veillonellaceae;Dialister
1114,Bacteria;Bacteroidetes;Bacteroidia;Bacteroidales
302,Bacteria
449,Bacteria
92,Bacteria
171,Bacteria
1123,Bacteria;Bacteroidetes;Bacteroidia;Bacteroidales;Porphyromonadaceae
490,Bacteria
2565,Bacteria;Firmicutes;Clostridia;Clostridiales;IncertaeSedisXI;Anaerococcus
2076,Bacteria;Firmicutes;Clostridia;Clostridiales
2421,Bacteria;Firmicutes;Clostridia;Clostridiales;IncertaeSedisXI;Anaerococcus
47,Bacteria
2317,Bacteria;Firmicutes;Clostridia;Clostridiales;IncertaeSedisXI;Anaerococcus
2286,Bacteria;Firmicutes;Clostridia;Clostridiales;IncertaeSedisXI
131,Bacteria
460,Bacteria
3492,Bacteria;Proteobacteria;Gammaproteobacteria
2375,Bacteria;Firmicutes;Clostridia;Clostridiales;IncertaeSedisXI;Anaerococcus
2090,Bacteria;Firmicutes;Clostridia;Clostridiales
3427,Bacteria;Proteobacteria;Epsilonproteobacteria;Campylobacterales
2752,Bacteria;Firmicutes;Clostridia;Clostridiales;IncertaeSedisXI;Peptoniphilus
3430,Bacteria;Proteobacteria;Epsilonproteobacteria;Campylobacterales
2382,Bacteria;Firmicutes;Clostridia;Clostridiales;IncertaeSedisXI;Anaerococcus
269,Bacteria
594,Bacteria;Actinobacteria;Actinobacteria;Actinomycetales
2444,Bacteria;Firmicutes;Clostridia;Clostridiales;IncertaeSedisXI;Anaerococcus
2416,Bacteria;Firmicutes;Clostridia;Clostridiales;IncertaeSedisXI;Anaerococcus
145,Bacteria
2229,Bacteria;Firmicutes;Clostridia;Clostridiales;IncertaeSedisXI
1873,Bacteria;Firmicutes;Bacilli;Lactobacillales;Aerococcaceae
739,Bacteria;Actinobacteria;Actinobacteria;Actinomycetales
3625,Bacteria;Synergistetes;Synergistia;Synergistales;Synergistaceae;Jonquetella
2910,Bacteria;Firmicutes;Clostridia;Clostridiales;Peptococcaceae;Peptococcus
11,Bacteria
1989,Bacteria;Firmicutes;Clostridia;Clostridiales
2773,Bacteria;Firmicutes;Clostridia;Clostridiales;IncertaeSedisXI;Peptoniphilus
2150,Bacteria;Firmicutes;Clostridia;Clostridiales
228,Bacteria
2912,Bacteria;Firmicutes;Clostridia;Clostridiales;Peptococcaceae;Peptococcus
2914,Bacteria;Firmicutes;Clostridia;Clostridiales;Peptococcaceae;Peptococcus
2871,Bacteria;Firmicutes;Clostridia;Clostridiales;IncertaeSedisXI;Peptoniphilus
2917,Bacteria;Firmicutes;Clostridia;Clostridiales;Peptococcaceae;Peptococcus
46,Bacteria
2929,Bacteria;Firmicutes;Clostridia;Clostridiales;Peptococcaceae;Peptococcus
2919,Bacteria;Firmicutes;Clostridia;Clostridiales;Peptococcaceae;Peptococcus
2898,Bacteria;Firmicutes;Clostridia;Clostridiales;Peptococcaceae;Peptococcus
1084,Bacteria;Bacteroidetes
2257,Bacteria;Firmicutes;Clostridia;Clostridiales;IncertaeSedisXI
1996,Bacteria;Firmicutes;Clostridia;Clostridiales
2067,Bacteria;Firmicutes;Clostridia;Clostridiales
2068,Bacteria;Firmicutes;Clostridia;Clostridiales
133,Bacteria
2143,Bacteria;Firmicutes;Clostridia;Clostridiales
2127,Bacteria;Firmicutes;Clostridia;Clostridiales
3278,Bacteria;Proteobacteria;Alphaproteobacteria;Sphingomonadales;Sphingomonadaceae;Sphingobium
3595,Bacteria;Proteobacteria;Gammaproteobacteria;Xanthomonadales;Xanthomonadaceae
2883,Bacteria;Firmicutes;Clostridia;Clostridiales;Lachnospiraceae
368,Bacteria
169,Bacteria
3370,Bacteria;Proteobacteria;Betaproteobacteria;Burkholderiales;Comamonadaceae;Schlegelella
1988,Bacteria;Firmicutes;Clostridia;Clostridiales
2941,Bacteria;Firmicutes;Clostridia;Clostridiales;Ruminococcaceae
3336,Bacteria;Proteobacteria;Betaproteobacteria;Burkholderiales
3511,Bacteria;Proteobacteria;Gammaproteobacteria;Enterobacteriales;Enterobacteriaceae;Pantoea
3590,Bacteria;Proteobacteria;Gammaproteobacteria;Xanthomonadales;Xanthomonadaceae
502,Bacteria
2777,Bacteria;Firmicutes;Clostridia;Clostridiales;IncertaeSedisXI;Peptoniphilus
2778,Bacteria;Firmicutes;Clostridia;Clostridiales;IncertaeSedisXI;Peptoniphilus
451,Bacteria
792,Bacteria;Actinobacteria;Actinobacteria;Actinomycetales
2830,Bacteria;Firmicutes;Clostridia;Clostridiales;IncertaeSedisXI;Peptoniphilus
1720,Bacteria;Firmicutes;Bacilli;Bacillales
1865,Bacteria;Firmicutes;Bacilli;Lactobacillales;Aerococcaceae
2280,Bacteria;Firmicutes;Clostridia;Clostridiales;IncertaeSedisXI
1458,Bacteria;Cyanobacteria;Cyanobacteria;FamilyI;GpI
516,Bacteria
839,Bacteria;Actinobacteria;Actinobacteria;Actinomycetales;Actinomycetaceae;Actinomyces
1659,Bacteria;Firmicutes;Bacilli
1822,Bacteria;Firmicutes;Bacilli;Lactobacillales
2682,Bacteria;Firmicutes;Clostridia;Clostridiales;IncertaeSedisXI;Finegoldia
3025,Bacteria;Firmicutes;Clostridia;Clostridiales;Veillonellaceae;Veillonella
2714,Bacteria;Firmicutes;Clostridia;Clostridiales;IncertaeSedisXI;Finegoldia
2706,Bacteria;Firmicutes;Clostridia;Clostridiales;IncertaeSedisXI;Finegoldia
1619,Bacteria;Firmicutes;Bacilli
1646,Bacteria;Firmicutes;Bacilli
2679,Bacteria;Firmicutes;Clostridia;Clostridiales;IncertaeSedisXI;Finegoldia
2701,Bacteria;Firmicutes;Clostridia;Clostridiales;IncertaeSedisXI;Finegoldia
2598,Bacteria;Firmicutes;Clostridia;Clostridiales;IncertaeSedisXI;Anaerococcus
2723,Bacteria;Firmicutes;Clostridia;Clostridiales;IncertaeSedisXI;Finegoldia
2293,Bacteria;Firmicutes;Clostridia;Clostridiales;IncertaeSedisXI;Anaerococcus
1492,Bacteria;Firmicutes
2933,Bacteria;Firmicutes;Clostridia;Clostridiales;Peptostreptococcaceae;Peptostreptococcus
1700,Bacteria;Firmicutes;Bacilli;Bacillales
3280,Bacteria;Proteobacteria;Alphaproteobacteria;Sphingomonadales;Sphingomonadaceae;Sphingomonas
1692,Bacteria;Firmicutes;Bacilli;Bacillales
486,Bacteria
1727,Bacteria;Firmicutes;Bacilli;Bacillales
1695,Bacteria;Firmicutes;Bacilli;Bacillales
1057,Bacteria;Actinobacteria;Actinobacteria;Bifidobacteriales;Bifidobacteriaceae;Gardnerella
1050,Bacteria;Actinobacteria;Actinobacteria;Actinomycetales;Pseudonocardiaceae;Saccharopolyspora
784,Bacteria;Actinobacteria;Actinobacteria;Actinomycetales
3571,Bacteria;Proteobacteria;Gammaproteobacteria;Pseudomonadales;Pseudomonadaceae
896,Bacteria;Actinobacteria;Actinobacteria;Actinomycetales;Corynebacteriaceae
703,Bacteria;Actinobacteria;Actinobacteria;Actinomycetales
3361,Bacteria;Proteobacteria;Betaproteobacteria;Burkholderiales;Comamonadaceae
1904,Bacteria;Firmicutes;Bacilli;Lactobacillales;Lactobacillaceae;Lactobacillus
1701,Bacteria;Firmicutes;Bacilli;Bacillales
986,Bacteria;Actinobacteria;Actinobacteria;Actinomycetales;Microbacteriaceae
3349,Bacteria;Proteobacteria;Betaproteobacteria;Burkholderiales;Burkholderiaceae;Cupriavidus
10,Bacteria
3350,Bacteria;Proteobacteria;Betaproteobacteria;Burkholderiales;Burkholderiaceae;Cupriavidus
1056,Bacteria;Actinobacteria;Actinobacteria;Bifidobacteriales;Bifidobacteriaceae;Bifidobacterium
1452,Bacteria;Cyanobacteria;Cyanobacteria;Chloroplast;Streptophyta
3300,Bacteria;Proteobacteria;Betaproteobacteria
1355,Bacteria;Bacteroidetes;Flavobacteria;Flavobacteriales;Flavobacteriaceae
1961,Bacteria;Firmicutes;Clostridia
1207,Bacteria;Bacteroidetes;Bacteroidia;Bacteroidales;Porphyromonadaceae;Porphyromonas
582,Bacteria;Actinobacteria;Actinobacteria;Actinomycetales
2358,Bacteria;Firmicutes;Clostridia;Clostridiales;IncertaeSedisXI;Anaerococcus
3454,Bacteria;Proteobacteria;Epsilonproteobacteria;Campylobacterales;Campylobacteraceae;Campylobacter
3344,Bacteria;Proteobacteria;Betaproteobacteria;Burkholderiales;Alcaligenaceae;Sutterella
2030,Bacteria;Firmicutes;Clostridia;Clostridiales
1981,Bacteria;Firmicutes;Clostridia;Clostridiales
59,Bacteria
3002,Bacteria;Firmicutes;Clostridia;Clostridiales;Veillonellaceae;Dialister
320,Bacteria
2856,Bacteria;Firmicutes;Clostridia;Clostridiales;IncertaeSedisXI;Peptoniphilus
1998,Bacteria;Firmicutes;Clostridia;Clostridiales
1173,Bacteria;Bacteroidetes;Bacteroidia;Bacteroidales;Porphyromonadaceae;Porphyromonas
1176,Bacteria;Bacteroidetes;Bacteroidia;Bacteroidales;Porphyromonadaceae;Porphyromonas
1160,Bacteria;Bacteroidetes;Bacteroidia;Bacteroidales;Porphyromonadaceae;Porphyromonas
2032,Bacteria;Firmicutes;Clostridia;Clostridiales
1928,Bacteria;Firmicutes;Bacilli;Lactobacillales;Streptococcaceae;Streptococcus
3287,Bacteria;Proteobacteria;Alphaproteobacteria;Sphingomonadales;Sphingomonadaceae;Sphingomonas
1463,Bacteria;Deinococcus-Thermus;Deinococci;Deinococcales;Deinococcaceae;Deinococcus
530,Bacteria;Acidobacteria;Acidobacteria_Gp2;Gp2
3218,Bacteria;Proteobacteria;Alphaproteobacteria;Rhizobiales;Phyllobacteriaceae
3156,Bacteria;Proteobacteria;Alphaproteobacteria;Rhizobiales
3160,Bacteria;Proteobacteria;Alphaproteobacteria;Rhizobiales
3211,Bacteria;Proteobacteria;Alphaproteobacteria;Rhizobiales;Methylobacteriaceae;Methylobacterium
3142,Bacteria;Proteobacteria;Alphaproteobacteria;Rhizobiales
3172,Bacteria;Proteobacteria;Alphaproteobacteria;Rhizobiales
3158,Bacteria;Proteobacteria;Alphaproteobacteria;Rhizobiales
3167,Bacteria;Proteobacteria;Alphaproteobacteria;Rhizobiales
992,Bacteria;Actinobacteria;Actinobacteria;Actinomycetales;Microbacteriaceae
3214,Bacteria;Proteobacteria;Alphaproteobacteria;Rhizobiales;Methylobacteriaceae;Methylobacterium
3529,Bacteria;Proteobacteria;Gammaproteobacteria;Pasteurellales;Pasteurellaceae
3480,Bacteria;Proteobacteria;Gammaproteobacteria
3663,Bacteria;Verrucomicrobia;Spartobacteria;Spartobacteria_genera_incertae_sedis
889,Bacteria;Actinobacteria;Actinobacteria;Actinomycetales;Corynebacteriaceae
3039,Bacteria;Fusobacteria;Fusobacteria;Fusobacteriales;Leptotrichiaceae
3204,Bacteria;Proteobacteria;Alphaproteobacteria;Rhizobiales;Hyphomicrobiaceae;Devosia
1260,Bacteria;Bacteroidetes;Bacteroidia;Bacteroidales;Porphyromonadaceae;Porphyromonas
2955,Bacteria;Firmicutes;Clostridia;Clostridiales;Veillonellaceae
3614,Bacteria;Synergistetes;Synergistia;Synergistales;Synergistaceae
2962,Bacteria;Firmicutes;Clostridia;Clostridiales;Veillonellaceae
226,Bacteria
1166,Bacteria;Bacteroidetes;Bacteroidia;Bacteroidales;Porphyromonadaceae;Porphyromonas
1145,Bacteria;Bacteroidetes;Bacteroidia;Bacteroidales;Porphyromonadaceae;Porphyromonas
1263,Bacteria;Bacteroidetes;Bacteroidia;Bacteroidales;Porphyromonadaceae;Porphyromonas
2983,Bacteria;Firmicutes;Clostridia;Clostridiales;Veillonellaceae;Dialister
2935,Bacteria;Firmicutes;Clostridia;Clostridiales;Peptostreptococcaceae;Peptostreptococcus
3426,Bacteria;Proteobacteria;Epsilonproteobacteria;Campylobacterales
2816,Bacteria;Firmicutes;Clostridia;Clostridiales;IncertaeSedisXI;Peptoniphilus
2764,Bacteria;Firmicutes;Clostridia;Clostridiales;IncertaeSedisXI;Peptoniphilus
1298,Bacteria;Bacteroidetes;Bacteroidia;Bacteroidales;Prevotellaceae;Prevotella
3050,Bacteria;Fusobacteria;Fusobacteria;Fusobacteriales;Leptotrichiaceae;Streptobacillus
2023,Bacteria;Firmicutes;Clostridia;Clostridiales
2160,Bacteria;Firmicutes;Clostridia;Clostridiales
3009,Bacteria;Firmicutes;Clostridia;Clostridiales;Veillonellaceae;Succiniclasticum
1346,Bacteria;Bacteroidetes;Bacteroidia;Bacteroidales;Prevotellaceae;Prevotella
1273,Bacteria;Bacteroidetes;Bacteroidia;Bacteroidales;Prevotellaceae
2362,Bacteria;Firmicutes;Clostridia;Clostridiales;IncertaeSedisXI;Anaerococcus
2321,Bacteria;Firmicutes;Clostridia;Clostridiales;IncertaeSedisXI;Anaerococcus
1279,Bacteria;Bacteroidetes;Bacteroidia;Bacteroidales;Prevotellaceae
2225,Bacteria;Firmicutes;Clostridia;Clostridiales;IncertaeSedisXI
2208,Bacteria;Firmicutes;Clostridia;Clostridiales;IncertaeSedisXI
1535,Bacteria;Firmicutes
1783,Bacteria;Firmicutes;Bacilli;Bacillales;Staphylococcaceae;Staphylococcus
1767,Bacteria;Firmicutes;Bacilli;Bacillales;Staphylococcaceae
1754,Bacteria;Firmicutes;Bacilli;Bacillales;Staphylococcaceae
1610,Bacteria;Firmicutes;Bacilli
1580,Bacteria;Firmicutes;Bacilli
560,Bacteria;Actinobacteria;Actinobacteria;Actinomycetales
715,Bacteria;Actinobacteria;Actinobacteria;Actinomycetales
556,Bacteria;Actinobacteria;Actinobacteria;Actinomycetales
1987,Bacteria;Firmicutes;Clostridia;Clostridiales
2862,Bacteria;Firmicutes;Clostridia;Clostridiales;IncertaeSedisXI;Peptoniphilus
912,Bacteria;Actinobacteria;Actinobacteria;Actinomycetales;Corynebacteriaceae
1652,Bacteria;Firmicutes;Bacilli
1425,Bacteria;Bacteroidetes;Sphingobacteria;Sphingobacteriales;Sphingobacteriaceae;Mucilaginibacter
1410,Bacteria;Bacteroidetes;Sphingobacteria;Sphingobacteriales;Cytophagaceae;Hymenobacter
2588,Bacteria;Firmicutes;Clostridia;Clostridiales;IncertaeSedisXI;Anaerococcus
2510,Bacteria;Firmicutes;Clostridia;Clostridiales;IncertaeSedisXI;Anaerococcus
3410,Bacteria;Proteobacteria;Deltaproteobacteria;Myxococcales
1902,Bacteria;Firmicutes;Bacilli;Lactobacillales;Lactobacillaceae
1656,Bacteria;Firmicutes;Bacilli
1459,Bacteria;Cyanobacteria;Cyanobacteria;FamilyI;GpI
1019,Bacteria;Actinobacteria;Actinobacteria;Actinomycetales;Micromonosporaceae;Virgisporangium
745,Bacteria;Actinobacteria;Actinobacteria;Actinomycetales
1460,Bacteria;Deinococcus-Thermus;Deinococci;Deinococcales;Deinococcaceae;Deinococcus
2410,Bacteria;Firmicutes;Clostridia;Clostridiales;IncertaeSedisXI;Anaerococcus
3499,Bacteria;Proteobacteria;Gammaproteobacteria;Alteromonadales;Idiomarinaceae;Idiomarina
3565,Bacteria;Proteobacteria;Gammaproteobacteria;Pseudomonadales;Pseudomonadaceae
232,Bacteria
3316,Bacteria;Proteobacteria;Betaproteobacteria;Burkholderiales
3534,Bacteria;Proteobacteria;Gammaproteobacteria;Pasteurellales;Pasteurellaceae;Mannheimia
3243,Bacteria;Proteobacteria;Alphaproteobacteria;Rhodospirillales;Acetobacteraceae
3163,Bacteria;Proteobacteria;Alphaproteobacteria;Rhizobiales
796,Bacteria;Actinobacteria;Actinobacteria;Actinomycetales
3446,Bacteria;Proteobacteria;Epsilonproteobacteria;Campylobacterales;Campylobacteraceae;Campylobacter
2838,Bacteria;Firmicutes;Clostridia;Clostridiales;IncertaeSedisXI;Peptoniphilus
2826,Bacteria;Firmicutes;Clostridia;Clostridiales;IncertaeSedisXI;Peptoniphilus
3443,Bacteria;Proteobacteria;Epsilonproteobacteria;Campylobacterales;Campylobacteraceae;Campylobacter
2401,Bacteria;Firmicutes;Clostridia;Clostridiales;IncertaeSedisXI;Anaerococcus
1127,Bacteria;Bacteroidetes;Bacteroidia;Bacteroidales;Porphyromonadaceae
2301,Bacteria;Firmicutes;Clostridia;Clostridiales;IncertaeSedisXI;Anaerococcus
3348,Bacteria;Proteobacteria;Betaproteobacteria;Burkholderiales;Burkholderiaceae;Burkholderia
1774,Bacteria;Firmicutes;Bacilli;Bacillales;Staphylococcaceae;Jeotgalicoccus
1881,Bacteria;Firmicutes;Bacilli;Lactobacillales;Aerococcaceae;Facklamia
1801,Bacteria;Firmicutes;Bacilli;Bacillales;Staphylococcaceae;Staphylococcus
1726,Bacteria;Firmicutes;Bacilli;Bacillales
1349,Bacteria;Bacteroidetes;Flavobacteria;Flavobacteriales;Flavobacteriaceae
3575,Bacteria;Proteobacteria;Gammaproteobacteria;Pseudomonadales;Pseudomonadaceae
3530,Bacteria;Proteobacteria;Gammaproteobacteria;Pasteurellales;Pasteurellaceae
3528,Bacteria;Proteobacteria;Gammaproteobacteria;Pasteurellales;Pasteurellaceae
1098,Bacteria;Bacteroidetes
2744,Bacteria;Firmicutes;Clostridia;Clostridiales;IncertaeSedisXI;Parvimonas
1015,Bacteria;Actinobacteria;Actinobacteria;Actinomycetales;Micrococcaceae;Rothia
3520,Bacteria;Proteobacteria;Gammaproteobacteria;Pasteurellales;Pasteurellaceae
1316,Bacteria;Bacteroidetes;Bacteroidia;Bacteroidales;Prevotellaceae;Prevotella
911,Bacteria;Actinobacteria;Actinobacteria;Actinomycetales;Corynebacteriaceae
3209,Bacteria;Proteobacteria;Alphaproteobacteria;Rhizobiales;Methylobacteriaceae;Methylobacterium
1925,Bacteria;Firmicutes;Bacilli;Lactobacillales;Streptococcaceae;Streptococcus
3049,Bacteria;Fusobacteria;Fusobacteria;Fusobacteriales;Leptotrichiaceae;Streptobacillus
1665,Bacteria;Firmicutes;Bacilli
886,Bacteria;Actinobacteria;Actinobacteria;Actinomycetales;Cellulomonadaceae
2111,Bacteria;Firmicutes;Clostridia;Clostridiales
855,Bacteria;Actinobacteria;Actinobacteria;Actinomycetales;Actinomycetaceae;Mobiluncus
1403,Bacteria;Bacteroidetes;Sphingobacteria;Sphingobacteriales;Cyclobacteriaceae
3597,Bacteria;Proteobacteria;Gammaproteobacteria;Xanthomonadales;Xanthomonadaceae;Luteimonas
3262,Bacteria;Proteobacteria;Alphaproteobacteria;Sphingomonadales;Erythrobacteraceae
1401,Bacteria;Bacteroidetes;Sphingobacteria;Sphingobacteriales;Cyclobacteriaceae
1745,Bacteria;Firmicutes;Bacilli;Bacillales;Planococcaceae
1423,Bacteria;Bacteroidetes;Sphingobacteria;Sphingobacteriales;Sphingobacteriaceae
3491,Bacteria;Proteobacteria;Gammaproteobacteria
3599,Bacteria;Proteobacteria;Gammaproteobacteria;Xanthomonadales;Xanthomonadaceae;Luteimonas
1088,Bacteria;Bacteroidetes
2138,Bacteria;Firmicutes;Clostridia;Clostridiales
3342,Bacteria;Proteobacteria;Betaproteobacteria;Burkholderiales;Alcaligenaceae
1402,Bacteria;Bacteroidetes;Sphingobacteria;Sphingobacteriales;Cyclobacteriaceae
1420,Bacteria;Bacteroidetes;Sphingobacteria;Sphingobacteriales;Sphingobacteriaceae
2119,Bacteria;Firmicutes;Clostridia;Clostridiales
1424,Bacteria;Bacteroidetes;Sphingobacteria;Sphingobacteriales;Sphingobacteriaceae
1373,Bacteria;Bacteroidetes;Sphingobacteria;Sphingobacteriales
3586,Bacteria;Proteobacteria;Gammaproteobacteria;Xanthomonadales;Xanthomonadaceae
1941,Bacteria;Firmicutes;Clostridia
3217,Bacteria;Proteobacteria;Alphaproteobacteria;Rhizobiales;Phyllobacteriaceae
3341,Bacteria;Proteobacteria;Betaproteobacteria;Burkholderiales;Alcaligenaceae
508,Bacteria
3203,Bacteria;Proteobacteria;Alphaproteobacteria;Rhizobiales;Hyphomicrobiaceae;Devosia
3176,Bacteria;Proteobacteria;Alphaproteobacteria;Rhizobiales;Aurantimonadaceae
3323,Bacteria;Proteobacteria;Betaproteobacteria;Burkholderiales
1353,Bacteria;Bacteroidetes;Flavobacteria;Flavobacteriales;Flavobacteriaceae
626,Bacteria;Actinobacteria;Actinobacteria;Actinomycetales
1899,Bacteria;Firmicutes;Bacilli;Lactobacillales;Lactobacillaceae
3393,Bacteria;Proteobacteria;Betaproteobacteria;Neisseriales;Neisseriaceae
808,Bacteria;Actinobacteria;Actinobacteria;Actinomycetales
3486,Bacteria;Proteobacteria;Gammaproteobacteria
1064,Bacteria;Actinobacteria;Actinobacteria;Rubrobacterales;Rubrobacteraceae;Rubrobacter
3146,Bacteria;Proteobacteria;Alphaproteobacteria;Rhizobiales
2740,Bacteria;Firmicutes;Clostridia;Clostridiales;IncertaeSedisXI;Helcococcus
2213,Bacteria;Firmicutes;Clostridia;Clostridiales;IncertaeSedisXI
3286,Bacteria;Proteobacteria;Alphaproteobacteria;Sphingomonadales;Sphingomonadaceae;Sphingomonas
3384,Bacteria;Proteobacteria;Betaproteobacteria;Methylophilales;Methylophilaceae;Methylophilus
980,Bacteria;Actinobacteria;Actinobacteria;Actinomycetales;Kineosporiaceae
3276,Bacteria;Proteobacteria;Alphaproteobacteria;Sphingomonadales;Sphingomonadaceae;Novosphingobium
1058,Bacteria;Actinobacteria;Actinobacteria;Bifidobacteriales;Bifidobacteriaceae;Gardnerella
3415,Bacteria;Proteobacteria;Deltaproteobacteria;Myxococcales;Cystobacteraceae;Anaeromyxobacter
3333,Bacteria;Proteobacteria;Betaproteobacteria;Burkholderiales
640,Bacteria;Actinobacteria;Actinobacteria;Actinomycetales
3419,Bacteria;Proteobacteria;Deltaproteobacteria;Myxococcales;Polyangiaceae;Chondromyces
1845,Bacteria;Firmicutes;Bacilli;Lactobacillales
3374,Bacteria;Proteobacteria;Betaproteobacteria;Burkholderiales;Oxalobacteraceae
1737,Bacteria;Firmicutes;Bacilli;Bacillales;Bacillaceae;Exiguobacterium
1923,Bacteria;Firmicutes;Bacilli;Lactobacillales;Streptococcaceae;Streptococcus
409,Bacteria
3258,Bacteria;Proteobacteria;Alphaproteobacteria;Sphingomonadales
3089,Bacteria;Proteobacteria;Alphaproteobacteria
194,Bacteria
836,Bacteria;Actinobacteria;Actinobacteria;Actinomycetales;Actinomycetaceae;Actinobaculum
1275,Bacteria;Bacteroidetes;Bacteroidia;Bacteroidales;Prevotellaceae
1405,Bacteria;Bacteroidetes;Sphingobacteria;Sphingobacteriales;Cytophagaceae
89,Bacteria
3509,Bacteria;Proteobacteria;Gammaproteobacteria;Enterobacteriales;Enterobacteriaceae;Escherichia/Shigella
1043,Bacteria;Actinobacteria;Actinobacteria;Actinomycetales;Propionibacteriaceae;Propionibacterium
3296,Bacteria;Proteobacteria;Betaproteobacteria
3023,Bacteria;Firmicutes;Clostridia;Clostridiales;Veillonellaceae;Veillonella
310,Bacteria
773,Bacteria;Actinobacteria;Actinobacteria;Actinomycetales
1903,Bacteria;Firmicutes;Bacilli;Lactobacillales;Lactobacillaceae;Lactobacillus
3394,Bacteria;Proteobacteria;Betaproteobacteria;Neisseriales;Neisseriaceae;Conchiformibius
3271,Bacteria;Proteobacteria;Alphaproteobacteria;Sphingomonadales;Sphingomonadaceae
3041,Bacteria;Fusobacteria;Fusobacteria;Fusobacteriales;Leptotrichiaceae;Leptotrichia
364,Bacteria
1757,Bacteria;Firmicutes;Bacilli;Bacillales;Staphylococcaceae
1930,Bacteria;Firmicutes;Bacilli;Lactobacillales;Streptococcaceae;Streptococcus
1793,Bacteria;Firmicutes;Bacilli;Bacillales;Staphylococcaceae;Staphylococcus
1477,Bacteria;Firmicutes
1766,Bacteria;Firmicutes;Bacilli;Bacillales;Staphylococcaceae
1718,Bacteria;Firmicutes;Bacilli;Bacillales
1709,Bacteria;Firmicutes;Bacilli;Bacillales
1663,Bacteria;Firmicutes;Bacilli
1651,Bacteria;Firmicutes;Bacilli
1596,Bacteria;Firmicutes;Bacilli
1548,Bacteria;Firmicutes
3170,Bacteria;Proteobacteria;Alphaproteobacteria;Rhizobiales
3355,Bacteria;Proteobacteria;Betaproteobacteria;Burkholderiales;Burkholderiaceae;Wautersia
3444,Bacteria;Proteobacteria;Epsilonproteobacteria;Campylobacterales;Campylobacteraceae;Campylobacter
3628,Bacteria;Synergistetes;Synergistia;Synergistales;Synergistaceae;Jonquetella
1317,Bacteria;Bacteroidetes;Bacteroidia;Bacteroidales;Prevotellaceae;Prevotella
2016,Bacteria;Firmicutes;Clostridia;Clostridiales
3649,Bacteria;Synergistetes;Synergistia;Synergistales;Synergistaceae;Jonquetella
1932,Bacteria;Firmicutes;Bacilli;Lactobacillales;Streptococcaceae;Streptococcus
3490,Bacteria;Proteobacteria;Gammaproteobacteria
3416,Bacteria;Proteobacteria;Deltaproteobacteria;Myxococcales;Cystobacteraceae;Anaeromyxobacter
3583,Bacteria;Proteobacteria;Gammaproteobacteria;Xanthomonadales;Sinobacteraceae;Nevskia
2894,Bacteria;Firmicutes;Clostridia;Clostridiales;Lachnospiraceae;Oribacterium
3206,Bacteria;Proteobacteria;Alphaproteobacteria;Rhizobiales;Hyphomicrobiaceae;Pedomicrobium
687,Bacteria;Actinobacteria;Actinobacteria;Actinomycetales
768,Bacteria;Actinobacteria;Actinobacteria;Actinomycetales
947,Bacteria;Actinobacteria;Actinobacteria;Actinomycetales;Corynebacteriaceae;Turicella
969,Bacteria;Actinobacteria;Actinobacteria;Actinomycetales;Dermacoccaceae;Dermacoccus
3266,Bacteria;Proteobacteria;Alphaproteobacteria;Sphingomonadales;Sphingomonadaceae
2100,Bacteria;Firmicutes;Clostridia;Clostridiales
2880,Bacteria;Firmicutes;Clostridia;Clostridiales;IncertaeSedisXIV;Blautia
51,Bacteria
1785,Bacteria;Firmicutes;Bacilli;Bacillales;Staphylococcaceae;Staphylococcus
736,Bacteria;Actinobacteria;Actinobacteria;Actinomycetales
1475,Bacteria;Firmicutes
1454,Bacteria;Cyanobacteria;Cyanobacteria;Chloroplast;Streptophyta
1451,Bacteria;Cyanobacteria;Cyanobacteria;Chloroplast;Streptophyta
1440,Bacteria;Cyanobacteria;Cyanobacteria
3200,Bacteria;Proteobacteria;Alphaproteobacteria;Rhizobiales;Brucellaceae
207,Bacteria
3042,Bacteria;Fusobacteria;Fusobacteria;Fusobacteriales;Leptotrichiaceae;Leptotrichia
3150,Bacteria;Proteobacteria;Alphaproteobacteria;Rhizobiales
3073,Bacteria;Proteobacteria
3006,Bacteria;Firmicutes;Clostridia;Clostridiales;Veillonellaceae;Selenomonas
1669,Bacteria;Firmicutes;Bacilli
1069,Bacteria;Actinobacteria;Actinobacteria;Solirubrobacterales;Conexibacteraceae;Conexibacter
1666,Bacteria;Firmicutes;Bacilli
1377,Bacteria;Bacteroidetes;Sphingobacteria;Sphingobacteriales
958,Bacteria;Actinobacteria;Actinobacteria;Actinomycetales;Dermabacteraceae;Dermabacter
1441,Bacteria;Cyanobacteria;Cyanobacteria
3213,Bacteria;Proteobacteria;Alphaproteobacteria;Rhizobiales;Methylobacteriaceae;Methylobacterium
1448,Bacteria;Cyanobacteria;Cyanobacteria;Chloroplast;Streptophyta
3265,Bacteria;Proteobacteria;Alphaproteobacteria;Sphingomonadales;Sphingomonadaceae
2961,Bacteria;Firmicutes;Clostridia;Clostridiales;Veillonellaceae
1390,Bacteria;Bacteroidetes;Sphingobacteria;Sphingobacteriales;Chitinophagaceae
1910,Bacteria;Firmicutes;Bacilli;Lactobacillales;Streptococcaceae;Lactococcus
1430,Bacteria;Bacteroidetes;Sphingobacteria;Sphingobacteriales;Sphingobacteriaceae;Sphingobacterium
732,Bacteria;Actinobacteria;Actinobacteria;Actinomycetales
319,Bacteria
151,Bacteria
1354,Bacteria;Bacteroidetes;Flavobacteria;Flavobacteriales;Flavobacteriaceae
1268,Bacteria;Bacteroidetes;Bacteroidia;Bacteroidales;Prevotellaceae
1409,Bacteria;Bacteroidetes;Sphingobacteria;Sphingobacteriales;Cytophagaceae;Emticicia
3110,Bacteria;Proteobacteria;Alphaproteobacteria
3338,Bacteria;Proteobacteria;Betaproteobacteria;Burkholderiales;Alcaligenaceae
3101,Bacteria;Proteobacteria;Alphaproteobacteria
3508,Bacteria;Proteobacteria;Gammaproteobacteria;Enterobacteriales;Enterobacteriaceae
304,Bacteria
1362,Bacteria;Bacteroidetes;Flavobacteria;Flavobacteriales;Flavobacteriaceae;Flavobacterium
1304,Bacteria;Bacteroidetes;Bacteroidia;Bacteroidales;Prevotellaceae;Prevotella
536,Bacteria;Acidobacteria;Acidobacteria_Gp3;Gp3
3085,Bacteria;Proteobacteria;Alphaproteobacteria
524,Bacteria;Acidobacteria;Acidobacteria_Gp1;Gp1
535,Bacteria;Acidobacteria;Acidobacteria_Gp3;Gp3
3562,Bacteria;Proteobacteria;Gammaproteobacteria;Pseudomonadales;Pseudomonadaceae
3569,Bacteria;Proteobacteria;Gammaproteobacteria;Pseudomonadales;Pseudomonadaceae
3330,Bacteria;Proteobacteria;Betaproteobacteria;Burkholderiales
1444,Bacteria;Cyanobacteria;Cyanobacteria;Chloroplast;Chlorophyta
2397,Bacteria;Firmicutes;Clostridia;Clostridiales;IncertaeSedisXI;Anaerococcus
3076,Bacteria;Proteobacteria
3164,Bacteria;Proteobacteria;Alphaproteobacteria;Rhizobiales
2182,Bacteria;Firmicutes;Clostridia;Clostridiales;Clostridiaceae
1085,Bacteria;Bacteroidetes
3604,Bacteria;Proteobacteria;Gammaproteobacteria;Xanthomonadales;Xanthomonadaceae;Rhodanobacter
3297,Bacteria;Proteobacteria;Betaproteobacteria
3292,Bacteria;Proteobacteria;Betaproteobacteria
1066,Bacteria;Actinobacteria;Actinobacteria;Solirubrobacterales
175,Bacteria
3091,Bacteria;Proteobacteria;Alphaproteobacteria
551,Bacteria;Actinobacteria;Actinobacteria;Acidimicrobiales
543,Bacteria;Actinobacteria;Actinobacteria
3584,Bacteria;Proteobacteria;Gammaproteobacteria;Xanthomonadales;Sinobacteraceae;Steroidobacter
160,Bacteria
3495,Bacteria;Proteobacteria;Gammaproteobacteria;Aeromonadales;Aeromonadaceae;Aeromonas
2469,Bacteria;Firmicutes;Clostridia;Clostridiales;IncertaeSedisXI;Anaerococcus
2561,Bacteria;Firmicutes;Clostridia;Clostridiales;IncertaeSedisXI;Anaerococcus
837,Bacteria;Actinobacteria;Actinobacteria;Actinomycetales;Actinomycetaceae;Actinobaculum
140,Bacteria
1608,Bacteria;Firmicutes;Bacilli
1671,Bacteria;Firmicutes;Bacilli
3566,Bacteria;Proteobacteria;Gammaproteobacteria;Pseudomonadales;Pseudomonadaceae
683,Bacteria;Actinobacteria;Actinobacteria;Actinomycetales
1504,Bacteria;Firmicutes
2819,Bacteria;Firmicutes;Clostridia;Clostridiales;IncertaeSedisXI;Peptoniphilus
2035,Bacteria;Firmicutes;Clostridia;Clostridiales
67,Bacteria
2109,Bacteria;Firmicutes;Clostridia;Clostridiales
427,Bacteria
1416,Bacteria;Bacteroidetes;Sphingobacteria;Sphingobacteriales;Cytophagaceae;Spirosoma
3082,Bacteria;Proteobacteria
1118,Bacteria;Bacteroidetes;Bacteroidia;Bacteroidales;Bacteroidaceae;Bacteroides
238,Bacteria
3481,Bacteria;Proteobacteria;Gammaproteobacteria
3409,Bacteria;Proteobacteria;Deltaproteobacteria;Myxococcales
1351,Bacteria;Bacteroidetes;Flavobacteria;Flavobacteriales;Flavobacteriaceae
3084,Bacteria;Proteobacteria
3056,Bacteria;Planctomycetes;Planctomycetacia;Planctomycetales;Planctomycetaceae
3259,Bacteria;Proteobacteria;Alphaproteobacteria;Sphingomonadales
3308,Bacteria;Proteobacteria;Betaproteobacteria
578,Bacteria;Actinobacteria;Actinobacteria;Actinomycetales
457,Bacteria
3151,Bacteria;Proteobacteria;Alphaproteobacteria;Rhizobiales
997,Bacteria;Actinobacteria;Actinobacteria;Actinomycetales;Microbacteriaceae
3097,Bacteria;Proteobacteria;Alphaproteobacteria
3077,Bacteria;Proteobacteria
1097,Bacteria;Bacteroidetes
1206,Bacteria;Bacteroidetes;Bacteroidia;Bacteroidales;Porphyromonadaceae;Porphyromonas
1105,Bacteria;Bacteroidetes
3659,Bacteria;Synergistetes;Synergistia;Synergistales;Synergistaceae;Pyramidobacter
1090,Bacteria;Bacteroidetes
293,Bacteria
1129,Bacteria;Bacteroidetes;Bacteroidia;Bacteroidales;Porphyromonadaceae
477,Bacteria
225,Bacteria
1411,Bacteria;Bacteroidetes;Sphingobacteria;Sphingobacteriales;Cytophagaceae;Hymenobacter
1924,Bacteria;Firmicutes;Bacilli;Lactobacillales;Streptococcaceae;Streptococcus
3514,Bacteria;Proteobacteria;Gammaproteobacteria;Oceanospirillales;Alcanivoracaceae;Alcanivorax
3405,Bacteria;Proteobacteria;Deltaproteobacteria
1052,Bacteria;Actinobacteria;Actinobacteria;Actinomycetales;Streptomycetaceae
3327,Bacteria;Proteobacteria;Betaproteobacteria;Burkholderiales
1849,Bacteria;Firmicutes;Bacilli;Lactobacillales
3395,Bacteria;Proteobacteria;Betaproteobacteria;Neisseriales;Neisseriaceae;Kingella
844,Bacteria;Actinobacteria;Actinobacteria;Actinomycetales;Actinomycetaceae;Actinomyces
3012,Bacteria;Firmicutes;Clostridia;Clostridiales;Veillonellaceae;Veillonella
3044,Bacteria;Fusobacteria;Fusobacteria;Fusobacteriales;Leptotrichiaceae;Leptotrichia
1922,Bacteria;Firmicutes;Bacilli;Lactobacillales;Streptococcaceae;Streptococcus
3019,Bacteria;Firmicutes;Clostridia;Clostridiales;Veillonellaceae;Veillonella
3449,Bacteria;Proteobacteria;Epsilonproteobacteria;Campylobacterales;Campylobacteraceae;Campylobacter
3013,Bacteria;Firmicutes;Clostridia;Clostridiales;Veillonellaceae;Veillonella
1833,Bacteria;Firmicutes;Bacilli;Lactobacillales
3016,Bacteria;Firmicutes;Clostridia;Clostridiales;Veillonellaceae;Veillonella
